fs_5sn2uiqq41,0.20
fs_7k1hqirffu,0.20
fs_cxsvhptswg,0.20
fs_bnkt7dubo6,0.20
fs_6vpz12i64i,0.20
fs_m0h2dp0v4e,0.20
fs_aaf0vvugjp,0.20
fs_boey32zt4u,0.20
fs_9mn6gd2qzg,0.20
fs_4r8la9irfq,0.20
fs_7lggih6svg,0.20
fs_2ljbq60jda,0.20
fs_hhq90t76bf,0.20
fs_9doiuvh9te,0.20
fs_9p6w5u9em9,0.20
fs_o7186a97l8,0.20
fs_9kcrgbtz9k,0.20
fs_552dk02q9h,0.20
fs_774t0w2mbx,0.20
fs_1st53sz2i4,0.20
fs_6pb0sx5ed3,0.20
fs_jlqm3lhs75,0.20
fs_883swwi3w2,0.20
fs_129pbb53jb,0.20
fs_clb7mttnkz,0.20
fs_btv1jubey0,0.20
fs_83tkto1ya3,0.20
fs_87qroivpvv,0.20
fs_2u1dcgkmu4,0.20
fs_b26dksmgee,0.20
fs_b1hrhqgy14,0.20
fs_yb3o2ax330,0.20
fs_37pf1no0gg,0.20
fs_3x80k2ubnm,0.20
fs_c6uutjm17f,0.20
fs_cmm9iic2rn,0.20
fs_8s11wpltbu,0.20
fs_dcpmdi4gly,0.20
fs_dyi50cz8a5,0.20
fs_dsca1mhqga,0.20
fs_19wxjx234l,0.20
fs_4tuza48ysw,0.20
fs_7hmapcmvd7,0.20
fs_9sd717oe0j,0.20
fs_bbbts97c0y,0.20
fs_f5jh4xxxc0,0.20
fs_bx473wmibk,0.20
fs_9lhgqmocm4,0.20
fs_3v12028qxu,0.20
fs_382wfxtof7,0.20
fs_4xmu3ukfi7,0.20
fs_7pqny1g0u1,0.20
fs_6ds65eitz4,0.20
fs_6rolv6j54g,0.20
fs_1ki0953ows,0.20
fs_cl18k7xtgp,0.20
fs_6cjou5cwsy,0.20
fs_9xuvnpw4z8,0.20
fs_ovn819atfg,0.20
fs_ddkk0uufjy,0.20
fs_3sbo0iiyai,0.20
fs_3gwx1ezlry,0.20
fs_bgrqkbre5t,0.20
fs_4h0a0jyh31,0.20
fs_100jzmdmed,0.20
fs_an1dn6pktt,0.20
fs_bjpt26el0i,0.20
fs_co7r495tyt,0.20
fs_2xgf04mtre,0.20
fs_dfz1lzcv5h,0.20
fs_ds729621bf,0.20
fs_cl02u56dfv,0.20
fs_b0dfd8l5vv,0.20
fs_339lqyffn8,0.20
fs_cwpjoinb8y,0.20
fs_2u0t0iqwhm,0.20
fs_dlswjvbmhb,0.20
fs_9epuy8ekgl,0.20
fs_e168i83x24,0.20
fs_9wt8jq5ywi,0.20
fs_663lv9mxht,0.20
fs_npm914ea3c,0.20
fs_5e8e9d8m51,0.20
fs_dydxk2hiwg,0.20
fs_exbb4k9tyg,0.20
fs_4hc7ye2vk8,0.20
fs_3tqzfvermi,0.20
fs_4ny9dty7uy,0.20
fs_9bgfoq8k22,0.20
fs_efiouudpv6,0.20
fs_cjpiuyn37q,0.20
fs_1l0ctzcjs8,0.20
fs_co5s2hrg9p,0.20
fs_50u0yqy8rn,0.20
fs_4vl5jyv6cc,0.20
fs_at38jl1a5e,0.20
fs_319mjes4ji,0.20
fs_dbkhuctnma,0.20
fs_a1ss3x5wgg,0.20
fs_8fo4pgs773,0.20
fs_9fczo79nzv,0.20
fs_2afzo1oh1c,0.20
fs_39phw7cp3p,0.20
fs_5z0534mkmk,0.20
fs_abnkbzeoby,0.20
fs_vr7c1rv3sf,0.20
fs_3usc9o41tx,0.20
fs_4vo2pwk35e,0.20
fs_34bsyemeet,0.20
fs_7f2kcr4eig,0.20
fs_34pm7vfwtd,0.20
fs_djs4t3wwu9,0.20
fs_5mqjrl7tbp,0.20
fs_c323bu4mg9,0.20
fs_bxqmmwi98a,0.20
fs_730qtdjb1x,0.20
fs_8orcsbimzo,0.20
fs_3497ty4uwo,0.20
fs_7a3cposf63,0.20
fs_emkt5jfsuy,0.20
fs_a5ngp6whza,0.20
fs_83k6b06xhg,0.20
fs_28igvsrsfc,0.20
fs_3nal0nw2yz,0.20
fs_ch8jb2cwqk,0.20
fs_7s3uc2qx0v,0.20
fs_f3jreq02dh,0.20
fs_3yozpbk7hf,0.20
fs_b9kk80ierd,0.20
fs_2h4yfjsq49,0.20
fs_2nbcjornre,0.20
fs_bpn6w4r4dy,0.20
fs_ct1km1zxiz,0.20
fs_b8ka4n6bb3,0.20
fs_7cpgobhgxi,0.20
fs_duigpeol26,0.20
fs_87o0euq5ki,0.20
fs_8fwdyvs3ca,0.20
fs_a9x4tf1887,0.20
fs_83jy9cs4is,0.20
fs_1avv75hr0p,0.20
fs_7ap7a4odkl,0.20
fs_57q4hmp88b,0.20
fs_bt7fknz91g,0.20
fs_3p30s3xwl7,0.20
fs_4nwh4z3mkk,0.20
fs_6hecytehik,0.20
fs_1vai0inqcc,0.20
fs_bg9rg6juhh,0.20
fs_ac8xdlxzhf,0.20
fs_dq4go3we5v,0.20
fs_dhxac6jryu,0.20
fs_enzj6y1twe,0.20
fs_25hi4z1kj6,0.20
fs_1lm9yqfjs8,0.20
fs_c3l6xcvnva,0.20
fs_ani1zg329o,0.20
fs_a843lf1gno,0.20
fs_ch01s5bcgr,0.20
fs_c6dbkf16oy,0.20
fs_cxwbb9i0qe,0.20
fs_4xicu20xzb,0.20
fs_99r5qgekur,0.20
fs_8t6lkg6tl8,0.20
fs_dahejuxlql,0.20
fs_bt4qon26jk,0.20
fs_4759k667y7,0.20
fs_982w85o33n,0.20
fs_5reumxbz3r,0.20
fs_d9pmgf9w26,0.20
fs_4pixvi7w8t,0.20
fs_96l0c5kvc5,0.20
fs_6dfwzfwy8r,0.20
fs_cl3964oabq,0.20
fs_1zmhyf5733,0.20
fs_3v3rlsi9b8,0.20
fs_62jwum1zj2,0.20
fs_asvhnl9g37,0.20
fs_3ngeg6c9q4,0.20
fs_89s9lxuu5c,0.20
fs_553pgr4xdc,0.20
fs_bn111iftix,0.20
fs_66ihwca2qq,0.20
fs_1w3tlz4pjd,0.20
fs_dtl161gsms,0.20
fs_btoh3b5bek,0.20
fs_z1m612rc8m,0.20
fs_cdmhglrya8,0.20
fs_1whl40r0zs,0.20
fs_2yjxzw667x,0.20
fs_3if60kaekf,0.20
fs_4lekboooly,0.20
fs_db9nysb5c5,0.20
fs_8kj0hp6us3,0.20
fs_518at9jr7g,0.20
fs_59de3jd24b,0.20
fs_el19butwao,0.20
fs_380snu0abc,0.20
fs_4r8tsgcx15,0.20
fs_ez9mbctki7,0.20
fs_duvcss5zxp,0.20
fs_5ux7elucgl,0.20
fs_5xlwe8z6tk,0.20
fs_bpp1t17oa9,0.20
fs_9w6594045u,0.20
fs_7ugvnrz2vh,0.20
fs_cbacpz8cd5,0.20
fs_3fwk0y7cw5,0.20
fs_1wqgaflgxc,0.20
fs_4lnnf70nf7,0.20
fs_6q08bk590a,0.20
fs_e1ok7lzsr6,0.20
fs_erfnx9wafe,0.20
fs_2nq4r5to0y,0.20
fs_2gjp9a90gz,0.20
fs_f1om4xpm9o,0.20
fs_ey3fet9wy6,0.20
fs_5fssarzfmp,0.20
fs_ecppx8mhfj,0.20
fs_9yb23hnfmd,0.20
fs_6v8nmzymba,0.20
fs_25mhba0s80,0.20
fs_4aryxhk8gx,0.20
fs_cyd00e66vl,0.20
fs_elx05fqh6h,0.20
fs_4nyp9zmcye,0.20
fs_6vddx0m7tn,0.20
fs_d5if83kn7g,0.20
fs_6mhcbpngi4,0.20
fs_384fkjk8iq,0.20
fs_cp5xy6mib7,0.20
fs_1qj2537wea,0.20
fs_3a7y4ut4ja,0.20
fs_b8f3um65vh,0.20
fs_bn0ky080by,0.20
fs_9hw45n7nmr,0.20
fs_qv97g6t46d,0.20
fs_35nluqvwg8,0.20
fs_8xl617cyix,0.20
fs_ent6os5kwf,0.20
fs_675c1q263n,0.20
fs_e6x7n5kqw2,0.20
fs_8a4psh5m0f,0.20
fs_b0yohqqxri,0.20
fs_bu3twhvajd,0.20
fs_7o5jm3c75d,0.20
fs_2eo3stqgka,0.20
fs_31su1smo2o,0.20
fs_12lkgv0t93,0.20
fs_3f7kisc86o,0.20
fs_55l028ymzs,0.20
fs_b5qc0xzek7,0.20
fs_72sl8wszs6,0.20
fs_15ioard1mi,0.20
fs_4eu1fyhzbx,0.20
fs_3ni6j4b5g3,0.20
fs_5zl8rw3r5p,0.20
fs_8i6samver4,0.20
fs_9gwj5r90n7,0.20
fs_2djiui4yx4,0.20
fs_7m544zc6iv,0.20
fs_f4xz4xp3f6,0.20
fs_c8pofce3ds,0.20
fs_c4h4zv9npl,0.20
fs_3ld75vq5na,0.20
fs_3ggl3k29qv,0.20
fs_dbqxdwoyw8,0.20
fs_7tyyu8jgn9,0.20
fs_8ult9irsae,0.20
fs_b916lylumf,0.20
fs_adcycuypkx,0.20
fs_1cj1gxf5kw,0.20
fs_amj8jsjvfy,0.20
fs_7m5ysk37c5,0.20
fs_d0jil6s82j,0.20
fs_ds2u7gl4fe,0.20
fs_58x7i45tug,0.20
fs_cbbjftjcps,0.20
fs_69nz7jlqo0,0.20
fs_7sq918rkjl,0.20
fs_4jpez7ldcb,0.20
fs_5l2pyqb208,0.20
fs_3xs8vz1re1,0.20
fs_471sg3w71l,0.20
fs_e2sy6ypo5p,0.20
fs_2cqirc1d23,0.20
fs_bqhwrsmwi8,0.20
fs_csbagiqehx,0.20
fs_deruxudga8,0.20
fs_j1v6u73kci,0.20
fs_379nyfaspr,0.20
fs_7qw8951utq,0.20
fs_dz01at7v57,0.20
fs_11sqf8cap7,0.20
fs_a8mrylgx6i,0.20
fs_90hi4fnddu,0.20
fs_702gwjj5mq,0.20
fs_84yjy758z9,0.20
fs_25fmjhqvol,0.20
fs_9b7y2t4uek,0.20
fs_dxtyp6664s,0.20
fs_865m47yu0i,0.20
fs_7h6bd4mvn0,0.20
fs_dgcv81t5hr,0.20
fs_f0414bxbsy,0.20
fs_aea220ck1x,0.20
fs_swpndrv2mb,0.20
fs_7nxbcegws8,0.20
fs_bfjuqo4hn1,0.20
fs_ekznyqqbjt,0.20
fs_bb5jn4pzbp,0.20
fs_ez5t1om7ys,0.20
fs_c0g36ufcf5,0.20
fs_7pauii7ahm,0.20
fs_2inuildbja,0.20
fs_6jigtf01wn,0.20
fs_93qio4eek0,0.20
fs_97y2s35mp0,0.20
fs_crxqlh1p3k,0.20
fs_d2424kfs9x,0.20
fs_8pqjdo8oo3,0.20
fs_92nm4ish10,0.20
fs_dlqybercbb,0.20
fs_5gj89uangp,0.20
fs_e1buiihk4s,0.20
fs_294bqe3fsn,0.20
fs_8b3fzm5ujc,0.20
fs_9ngybxqrfs,0.20
fs_5zmy798c11,0.20
fs_13tu4bmyie,0.20
fs_f51lduaxka,0.20
fs_5qj0oolrcu,0.20
fs_8mawqcz8fq,0.20
fs_4bn07xz0lc,0.20
fs_6s53jb3csv,0.20
fs_73evucuurw,0.20
fs_9xqjva5ur6,0.20
fs_5aqvh3ur7l,0.20
fs_btpuopkwsc,0.20
fs_5e3nfcpk2b,0.20
fs_98e8u6ssht,0.20
fs_duerwrrmin,0.20
fs_3ffalzobgv,0.20
fs_bdixe1t8m4,0.20
fs_59oeoo0hlk,0.20
fs_nwdza5k7iy,0.20
fs_62m2vwppoj,0.20
fs_96qk6rlmts,0.20
fs_6e9e2ch2vi,0.20
fs_8a5l0vgv4z,0.20
fs_eo6wobcxs1,0.20
fs_bxdragwg1p,0.20
fs_524hxt32xe,0.20
fs_2tswo8yy0u,0.20
fs_73tbyk2hqa,0.20
fs_1k1no27g7a,0.20
fs_438kghfgiu,0.20
fs_96mycq3sb7,0.20
fs_8pldkawc4p,0.20
fs_bshw19rwg2,0.20
fs_bl8hsh7b8s,0.20
fs_d0ljmwuc66,0.20
fs_c94gwkzsiw,0.20
fs_kxgp2p9d6q,0.20
fs_caxurpep6x,0.20
fs_35dj373wr8,0.20
fs_8l7r2ntv3a,0.20
fs_39wouazb79,0.20
fs_bn52jf4w4o,0.20
fs_c6jhoxeca0,0.20
fs_d9gd4997i7,0.20
fs_3rv87kr02h,0.20
fs_d2n0t3oaz2,0.20
fs_81l33qdgsk,0.20
fs_664hzbf64n,0.20
fs_4wuepp0ffn,0.20
fs_27qy8awbqa,0.20
fs_1hu6pfo8eg,0.20
fs_3ax215ouud,0.20
fs_5ztczrittt,0.20
fs_dm1wbub4fs,0.20
fs_db08eo0zh4,0.20
fs_baon09rj78,0.20
fs_37pgzurymt,0.20
fs_1x63jlwxmn,0.20
fs_f084k69bq6,0.20
fs_9uffa3x1pj,0.20
fs_9nrtt3ejfn,0.20
fs_24q0z2yejp,0.20
fs_duaikpihwq,0.20
fs_emhec98yoq,0.20
fs_er1bs6x7cd,0.20
fs_dgwyqxo1cc,0.20
fs_aazr7z17fh,0.20
fs_7g75ip2ee1,0.20
fs_72hobtixzz,0.20
fs_8i4hydnife,0.20
fs_en7wrevj9o,0.20
fs_9l3bul1qsd,0.20
fs_4l303lzbg7,0.20
fs_6z0bwrk46v,0.20
fs_4al2ybal40,0.20
fs_569mcqtjgl,0.20
fs_40r3ls8czv,0.20
fs_1osceaks3e,0.20
fs_5mnltdg2c6,0.20
fs_7i3kll5bbn,0.20
fs_8qiz050axr,0.20
fs_1bhkq696j2,0.20
fs_64yb6f0hje,0.20
fs_ao7xeqt15z,0.20
fs_31a1jnrdes,0.20
fs_1ypu6ff8bi,0.20
fs_1lwumpftt9,0.20
fs_8yu1wbssdj,0.20
fs_da0apbb7sy,0.20
fs_1vsbd2j91p,0.20
fs_4r01otbzf0,0.20
fs_2tj2jnm4am,0.20
fs_8t1g6jl6p1,0.20
fs_16252so8wb,0.20
fs_bwlsb4a34t,0.20
fs_9nv6jo2psc,0.20
fs_4rd1awd0ht,0.20
fs_9xglz32u4o,0.20
fs_bszlrtkhf0,0.20
fs_9k6mbqy14h,0.20
fs_cdhu0mwosn,0.20
fs_dwux0clmd7,0.20
fs_bgevls8hsj,0.20
fs_4xa6m9gwn2,0.20
fs_bkept3j2xf,0.20
fs_1ou4az8jqy,0.20
fs_6pqm5apjp7,0.20
fs_3brw3xgdyp,0.20
fs_9z79rvjuwa,0.20
fs_575y285ai8,0.20
fs_7e6dvnraxt,0.20
fs_cgf9gq6kcc,0.20
fs_7lzo7mpmq8,0.20
fs_esxi4ykjak,0.20
fs_b7p64op20y,0.20
fs_cixa6b7072,0.20
fs_3fmy5w31dj,0.20
fs_abf8iptdey,0.20
fs_6lp2ctq6to,0.20
fs_c1f9ee5knr,0.20
fs_3xq39yr9b3,0.20
fs_aahz07pub5,0.20
fs_4bp1fz2a5d,0.20
fs_ckw7mc0z5z,0.20
fs_1yc4ljimel,0.20
fs_dxzax3fa6r,0.20
fs_1y2hi56ui5,0.20
fs_c2h17bqgwy,0.20
fs_96lvjxbili,0.20
fs_5dp9r14xvs,0.20
fs_8sg5i6c4mj,0.20
fs_daqraxfcf7,0.20
fs_biv28sapa5,0.20
fs_1xyc9it7mb,0.20
fs_a6teos6z21,0.20
fs_4jzayims62,0.20
fs_5qq6qeoke0,0.20
fs_ae8fn24bd2,0.20
fs_3rndogrtot,0.20
fs_cqyc1hvyrb,0.20
fs_3hagey6y6q,0.20
fs_bj86fedxrl,0.20
fs_2n3dnd6m0i,0.20
fs_13fz5e2iln,0.20
fs_7spow0195h,0.20
fs_5phv1402ds,0.20
fs_csmgcci4sr,0.20
fs_51yj03yw2u,0.20
fs_d860vpi7al,0.20
fs_aoi9taoh05,0.20
fs_4wcyhfemhp,0.20
fs_a2qwr3fxbp,0.20
fs_a8pgcszp90,0.20
fs_5hnz9kukz4,0.20
fs_cfoplh3tdv,0.20
fs_azwbv7plf3,0.20
fs_c9iyipemlg,0.20
fs_8d877je7xc,0.20
fs_1m1aj7anni,0.20
fs_30on9w245z,0.20
fs_eh7dt5dvuw,0.20
fs_9w3cqbwruw,0.20
fs_4rjxpnc5ax,0.20
fs_e9zvr8c7da,0.20
fs_dyxqcl19x5,0.20
fs_3aelbbav4u,0.20
fs_ej5kzqujj8,0.20
fs_cbhfabgiai,0.20
fs_8489jgspl0,0.20
fs_6hdzvg1422,0.20
fs_aeytpcr7qo,0.20
fs_aggete47cq,0.20
fs_5bslc0ic9o,0.20
fs_2ejo0h8ikk,0.20
fs_9p4aurirlc,0.20
fs_2qmfgarpzz,0.20
fs_5cl2poo6yc,0.20
fs_52391jeyex,0.20
fs_7ye7n3g5yw,0.20
fs_5msze93hwy,0.20
fs_4p7tzlfkoc,0.20
fs_amrb3az2ui,0.20
fs_eyhbc3mnln,0.20
fs_5fhmwjgh1w,0.20
fs_bsf879bcw1,0.20
fs_6ksfrd0g2c,0.20
fs_1mf3idrfmx,0.20
fs_4hdr34boum,0.20
fs_bfpuk8l0a7,0.20
fs_c0bfgwp9sb,0.20
fs_5hdgy27vbj,0.20
fs_5s22pxg0uy,0.20
fs_6tcu2z5py1,0.20
fs_c6g6x38su3,0.20
fs_3oxiig7ft7,0.20
fs_f11clufy6v,0.20
fs_8jnbrpowam,0.20
fs_74d6jc4tqy,0.20
fs_144umwnt9i,0.20
fs_ell3oqdznm,0.20
fs_ekencd6v7c,0.20
fs_aukkqeijhn,0.20
fs_8tba8jqbc9,0.20
fs_2mtvxpaxmk,0.20
fs_us83r25oet,0.20
fs_d6ciqgcqgz,0.20
fs_2ty8c5i220,0.20
fs_5hlez7cl0d,0.20
fs_5n52ov0ys9,0.20
fs_6tp2mnazdc,0.20
fs_8ld1edsxq4,0.20
fs_16dghjaj3x,0.20
fs_6qaod082a9,0.20
fs_4inquuopm6,0.20
fs_85zotx76ir,0.20
fs_c0epva967m,0.20
fs_3ttolr6cu5,0.20
fs_14xembjahc,0.20
fs_71fxq9b8ju,0.20
fs_2k4eqes9rl,0.20
fs_5o5xod2zp5,0.20
fs_5fbb208f90,0.20
fs_1m1ah6s2y5,0.20
fs_cbr3m5qrkz,0.20
fs_1d0anzgoej,0.20
fs_dool5up55y,0.20
fs_1hlvjlq2m5,0.20
fs_8apr41h5vb,0.20
fs_c0hegocx9b,0.20
fs_83x4v1f5pa,0.20
fs_4nbhmyd1lz,0.20
fs_9pzuhy7pr3,0.20
fs_47g053xl9k,0.20
fs_d6a2hllpl0,0.20
fs_2lb4hqi4hs,0.20
fs_9aqaxrekoo,0.20
fs_3e6q4weimw,0.20
fs_a6yih4i32c,0.20
fs_8q7fzvbpvm,0.20
fs_csrnltq52x,0.20
fs_96eyzttelj,0.20
fs_176kznmq8n,0.20
fs_2lcvndpaql,0.20
fs_b5ljkix0ro,0.20
fs_z92v2onq5h,0.20
fs_3ank92s1dz,0.20
fs_71xxggxr05,0.20
fs_6mq2jdd7ni,0.20
fs_ted9kcq6db,0.20
fs_264r0oaxkt,0.20
fs_9g5zqdcaa8,0.20
fs_86m6v8cjz2,0.20
fs_coxgxqbvth,0.20
fs_12lbn8to1f,0.20
fs_d1bi494d6k,0.20
fs_cq4mo1z0sz,0.20
fs_e3wu02a2a0,0.20
fs_5wqlifl1e3,0.20
fs_5jz4j497yl,0.20
fs_buos9vkj0u,0.20
fs_e88pu9vfx8,0.20
fs_6wp0tf1rad,0.20
fs_9q0x73z7d6,0.20
fs_byzj2zpbp4,0.20
fs_a4xbinl85q,0.20
fs_29gwmukglq,0.20
fs_9bq25fxij6,0.20
fs_88awc719vw,0.20
fs_3pykpe2pt6,0.20
fs_awaqx1ilf2,0.20
fs_c951u30ugc,0.20
fs_a3uq6ai4gp,0.20
fs_8ij7bqf4c9,0.20
fs_2r233kxxmq,0.20
fs_8ns24p8bg9,0.20
fs_2amjgw6vvt,0.20
fs_3j5sidahtv,0.20
fs_55thzrxpn0,0.20
fs_bqrzt77ftq,0.20
fs_d69dvp7yg7,0.20
fs_l8mp8vppv1,0.20
fs_8wbwhskwnl,0.20
fs_1loomlfnw6,0.20
fs_43c14jfkdv,0.20
fs_1lq3t3gxmb,0.20
fs_cq6grtyjq6,0.20
fs_aqu4uv2wbx,0.20
fs_3wofvldkr1,0.20
fs_d9g1pmkrq4,0.20
fs_44f89pe244,0.20
fs_6n2bfzj79a,0.20
fs_cc37y7n7k5,0.20
fs_ahohfzrlef,0.20
fs_2bnf9245sl,0.20
fs_2nnyz8mx9h,0.20
fs_853o06fsdw,0.20
fs_9ujl4r804d,0.20
fs_dkgs3swijm,0.20
fs_ast74p96x6,0.20
fs_8hjgcx9uct,0.20
fs_brs5mzoq7s,0.20
fs_3bwlr1pyt6,0.20
fs_1pipw9kijq,0.20
fs_3hgw8yn3vs,0.20
fs_37fg7kq8iz,0.20
fs_bddvrthpjw,0.20
fs_21ewjojvn8,0.20
fs_17tzklmj84,0.20
fs_9d8n012aum,0.20
fs_46fja5y3dv,0.20
fs_6kx26p9rmw,0.20
fs_crdkxndvgt,0.20
fs_84o6hsdfhl,0.20
fs_1qbdtrjh34,0.20
fs_3d3bxld86t,0.20
fs_9lq17yh1wx,0.20
fs_dfm2d3yeww,0.20
fs_5et7z0ditt,0.20
fs_i2qcxp8e9m,0.20
fs_2tsrtg45du,0.20
fs_9ytfymcpgj,0.20
fs_4hh6wkfyd0,0.20
fs_98ih8xd8d4,0.20
fs_79dg4hoyey,0.20
fs_dpf799bzr7,0.20
fs_b2yuhtln1o,0.20
fs_5ec5tvaznd,0.20
fs_810ckt3tyv,0.20
fs_88v6afbzvg,0.20
fs_4uuq0iqtts,0.20
fs_2zowvlete4,0.20
fs_2bcjq3sn5w,0.20
fs_eswepxs0mq,0.20
fs_d5v71pjs7o,0.20
fs_24cghdcxx0,0.20
fs_8erp76c0ax,0.20
fs_921fc4vr33,0.20
fs_8lklxwjdh0,0.20
fs_f5240cgl4z,0.20
fs_3s4fbzb76g,0.20
fs_7cn51vudul,0.20
fs_3jhv9ipkbs,0.20
fs_1h4b295ztj,0.20
fs_vxag2j0v3i,0.20
fs_93e27j6gim,0.20
fs_aqx0al8lvt,0.20
fs_3qz98l3cda,0.20
fs_5pjty3iao6,0.20
fs_ebh5uvc57i,0.20
fs_7exjquuff9,0.20
fs_7v985m1fya,0.20
fs_22ydus525d,0.20
fs_b9ezxq1bbz,0.20
fs_8vo6iaunmt,0.20
fs_85e3g8edpy,0.20
fs_6dc5xh9z3g,0.20
fs_f2w159xqzv,0.20
fs_50gdo7wmmi,0.20
fs_1zwnj4cfya,0.20
fs_7i0cq0dk0l,0.20
fs_dbn33ulcyj,0.20
fs_3idhyey7i6,0.20
fs_6r5fy2twx0,0.20
fs_5p1pfzznoq,0.20
fs_akd59bnj4d,0.20
fs_3nt0bipfza,0.20
fs_dpxvvjghhn,0.20
fs_6sfw3hq4a9,0.20
fs_7lvy71iw8t,0.20
fs_azbd4uxrm2,0.20
fs_1m6n9d5172,0.20
fs_h6s3sf5hr8,0.20
fs_4yu9d9uv6b,0.20
fs_40d4oz2sg8,0.20
fs_e5mbrfmx2k,0.20
fs_8mk9vyzu0r,0.20
fs_84jp08eldz,0.20
fs_coejitrgpy,0.20
fs_ehyhi77c45,0.20
fs_7wbjcdjve9,0.20
fs_en8ijr3c1e,0.20
fs_6yu8gbqiot,0.20
fs_220dmhlc4f,0.20
fs_50ru97czqd,0.20
fs_d0yd3tofzy,0.20
fs_7eltptjhtq,0.20
fs_dekxz7o724,0.20
fs_74tcn4fphb,0.20
fs_75wf4t2s9m,0.20
fs_76kqwmn514,0.20
fs_3eat9rijez,0.20
fs_1ukjbrjn4h,0.20
fs_d5s6373e5c,0.20
fs_cnftb31748,0.20
fs_68pmx7uta3,0.20
fs_82aysjbscf,0.20
fs_887zadwaad,0.20
fs_capxrbwc8i,0.20
fs_imqpfu23xp,0.20
fs_f3n8p484vq,0.20
fs_8n7h8dq3i2,0.20
fs_7bknaj0l31,0.20
fs_3pua7ttc4t,0.20
fs_b272witxg8,0.20
fs_6ya00dz5ys,0.20
fs_4u6kvo7rl1,0.20
fs_6rfj6dh4m6,0.20
fs_4kmrmznbo0,0.20
fs_64z7afrgs6,0.20
fs_9p7da5xns9,0.20
fs_5ie5akomz5,0.20
fs_cmzsmtlspm,0.20
fs_cc0zecliit,0.20
fs_5opadhxofa,0.20
fs_8qkw8bvie0,0.20
fs_8z03wqs7wc,0.20
fs_dmh9a2z7kg,0.20
fs_1xcfisudrs,0.20
fs_6o1j2pooxq,0.20
fs_agmuji5zwa,0.20
fs_es3e405lxz,0.20
fs_eoaikjsb1d,0.20
fs_1c0c9xjdwr,0.20
fs_c6rpv5ylpg,0.20
fs_21y41kyhdc,0.20
fs_8ox2r7ydik,0.20
fs_7pril042nc,0.20
fs_b5za72cpxa,0.20
fs_6o7z3w02nr,0.20
fs_7n4dwsmrz3,0.20
fs_a0jvs0nki9,0.20
fs_4fo8x71wrv,0.20
fs_dkf2xva66b,0.20
fs_cjgrx196cf,0.20
fs_55dxkdh42w,0.20
fs_u1qaikf1lf,0.20
fs_lzbons9tq5,0.20
fs_brnr55zmn5,0.20
fs_11gh3ikfw5,0.20
fs_89u60k9bg9,0.20
fs_3ay7je0ofa,0.20
fs_k90sss2luz,0.20
fs_y3y0gp2vrw,0.20
fs_4zxlc0royj,0.20
fs_7pqtppjjl8,0.20
fs_b02sxqbi84,0.20
fs_ea9yzgc7hp,0.20
fs_8z9h5qppfp,0.20
fs_emrxd4rrev,0.20
fs_8aedsfgobg,0.20
fs_1oc7zh3gvu,0.20
fs_pkzpkq8yuf,0.20
fs_5yxh02qmtk,0.20
fs_cjzpuiyhmi,0.20
fs_dyb5ua5xaz,0.20
fs_c11c796922,0.20
fs_a0u88yjsdr,0.20
fs_d4gej34dsq,0.20
fs_44e4umbb0y,0.20
fs_9p0npbpkk4,0.20
fs_34yv3vuzsx,0.20
fs_eetb8dmc6s,0.20
fs_1pky9q6brp,0.20
fs_7npoiskuz7,0.20
fs_ckbt86gd0u,0.20
fs_88fkgtntgi,0.20
fs_28qda0ei1a,0.20
fs_1xnnsyodcz,0.20
fs_c7t4vm0a43,0.20
fs_zka4a4f85d,0.20
fs_2nc29isi3v,0.20
fs_1cvpyyne41,0.20
fs_3hviun994d,0.20
fs_eh8iqqufhq,0.20
fs_2a2lhfyqau,0.20
fs_6ntl3j439f,0.20
fs_69tdriwu26,0.20
fs_c964ly4zvd,0.20
fs_bbmd37kgpg,0.20
fs_f3srlnkyxc,0.20
fs_by1esxsozt,0.20
fs_8pr9upre0o,0.20
fs_1h3f28fj14,0.20
fs_5gvkbgwg3e,0.20
fs_9gu2upvp4a,0.20
fs_a8x8v3fa9q,0.20
fs_8gis5nvb8t,0.20
fs_8pai607g7p,0.20
fs_bn33h12n5z,0.20
fs_aa8miasdm0,0.20
fs_3zpxcu8try,0.20
fs_17t84jvyxp,0.20
fs_e3a6kdiyaz,0.20
fs_6q6vt4op7p,0.20
fs_eh5rkq2mhu,0.20
fs_xd7rjv11r6,0.20
fs_d416epmsip,0.20
fs_dk5pb1a8ng,0.20
fs_2zr61za1pa,0.20
fs_1igbg9prbo,0.20
fs_167ey7mbry,0.20
fs_dyrshtoees,0.20
fs_8odbir3cse,0.20
fs_32lfy7zydl,0.20
fs_3eckdrmpzj,0.20
fs_5kvibxg5cq,0.20
fs_9k4rrs3y9p,0.20
fs_cmkacl6f5t,0.20
fs_4x80cqsuso,0.20
fs_eox0lo7rki,0.20
fs_65n0rw3x38,0.20
fs_ajg5tv0n2r,0.20
fs_2gcgs83cjm,0.20
fs_dtz7uhkelc,0.20
fs_7p2tw8drj1,0.20
fs_79kby88vba,0.20
fs_983ic2m1jk,0.20
fs_9blw8dd9ke,0.20
fs_a37r0hx8r1,0.20
fs_17dusr1h3h,0.20
fs_acw2i177qw,0.20
fs_ea2b85yce4,0.20
fs_9wbrhppt49,0.20
fs_aml4mtzpjl,0.20
fs_bzj09b523e,0.20
fs_76sfgisp5j,0.20
fs_3ulnbqduev,0.20
fs_4vr4xopua2,0.20
fs_d7rjygijv9,0.20
fs_a7hid07ura,0.20
fs_2h888fc5wr,0.20
fs_3a3oyfdu2e,0.20
fs_q3snugmvi5,0.20
fs_3hk7s8wny9,0.20
fs_1vxkmr4ybo,0.20
fs_bf5sndbmki,0.20
fs_8aq037u4c0,0.20
fs_4wvi4ytmo0,0.20
fs_149imly04c,0.20
fs_aa56xe7c32,0.20
fs_2qqejpc8h8,0.20
fs_1nio48gbu0,0.20
fs_cxtzrv3vnb,0.20
fs_gsjghcuzdt,0.20
fs_14wsn6ggue,0.20
fs_4qwj7yz3vv,0.20
fs_cdw69gfyfb,0.20
fs_6cdu2e9vdt,0.20
fs_ap1sqc8j8n,0.20
fs_6o9crey4z9,0.20
fs_5flp7kdvu8,0.20
fs_7qpv66hgzj,0.20
fs_d2kgvklgks,0.20
fs_a3y2temtq6,0.20
fs_1ura7mg8ry,0.20
fs_5s99jdkrgn,0.20
fs_6vvwd5s2ib,0.20
fs_dgqii6b528,0.20
fs_5bejef0s1v,0.20
fs_amfr25clsg,0.20
fs_8hmvc6y64t,0.20
fs_ecd89awuk5,0.25
fs_5kk0blgyq1,0.25
fs_aa44nf536a,0.25
fs_84rxkkh5so,0.25
fs_1hpgz783u8,0.25
fs_7ihbmzaceu,0.25
fs_1o18u66i9z,0.25
fs_a2zy3onx9k,0.25
fs_e2jne888cd,0.25
fs_85jkg4lie3,0.25
fs_dqh5f58khw,0.25
fs_509936qoie,0.25
fs_emnm9wtb6s,0.25
fs_1fdus9jpmo,0.25
fs_cha1roq7bv,0.25
fs_boe5emui0d,0.25
fs_1l4pdwht56,0.25
fs_7kjmp6yi6e,0.25
fs_c19sf1bjrd,0.25
fs_3ouvjy03k3,0.25
fs_d4odiurxsy,0.25
fs_5vzxmrptaa,0.25
fs_7xwn1y8lp5,0.25
fs_9z22ppoawu,0.25
fs_dzojmto6jh,0.25
fs_ahjjfluz4e,0.25
fs_16mmzpe7gv,0.25
fs_7jqqcgezmt,0.25
fs_abfqtr30ov,0.25
fs_tyqsv3r04b,0.25
fs_bemwqxlr5k,0.25
fs_dy7wqg21wj,0.25
fs_c38k0e64ab,0.25
fs_30bls9wpxe,0.25
fs_9mb95xquqv,0.25
fs_1skqzgpa9s,0.25
fs_hcl429vga6,0.25
fs_bu47irftph,0.25
fs_en10al09l7,0.25
fs_a50zqw2hdd,0.25
fs_8rbtlk8j9l,0.25
fs_2nu3mya7a2,0.25
fs_c16jwxhq36,0.25
fs_u37wccvixl,0.25
fs_b71s5d0smv,0.25
fs_ba2fcfc3jh,0.25
fs_dgvey9gotk,0.25
fs_2swzqrq2ne,0.25
fs_4uffxr3jmr,0.25
fs_6sirce1xvk,0.25
fs_7t182xcfax,0.25
fs_c4zvareac4,0.25
fs_bwvmgpba22,0.25
fs_1gxn7c35qy,0.25
fs_4ev42jwp9q,0.25
fs_4vt2gtzsvf,0.25
fs_9fsqe3kbkf,0.25
fs_4ukkbbp41c,0.25
fs_j48r12wbrj,0.25
fs_64riadf93e,0.25
fs_cjwhi7djns,0.25
fs_70l420gj79,0.25
fs_3iccawb4hc,0.25
fs_5qz53vbxme,0.25
fs_67fujhxriy,0.25
fs_awjzxz4uf1,0.25
fs_eb9w1c90ns,0.25
fs_6uggu3uj3v,0.25
fs_ch1pnkhw54,0.25
fs_aivdfa8532,0.25
fs_118d1jucf2,0.25
fs_ojjdevrb6l,0.25
fs_dh9g95d667,0.25
fs_9giovztd2t,0.25
fs_8j6r3nuy21,0.25
fs_8wwykg8chs,0.25
fs_dv4nczymob,0.25
fs_493bqj9rb9,0.25
fs_4vwnqyz12a,0.25
fs_c09lgxc7hj,0.25
fs_5p488h2jlw,0.25
fs_4rj5xr4wup,0.25
fs_blv4remn1g,0.25
fs_hsexk55eed,0.25
fs_83mq2h8njc,0.25
fs_2bj4jbwd8v,0.25
fs_9rd98k2ql7,0.25
fs_9kwbf02cuo,0.25
fs_8f1h2vzvge,0.25
fs_7i4yhdqyai,0.25
fs_cwg40ul0kd,0.25
fs_4ra6oc1va3,0.25
fs_5qbojyvqer,0.25
fs_dzr6r206c1,0.25
fs_es2jo06nrn,0.25
fs_cfmhl5sttx,0.25
fs_dazvrxrbrb,0.25
fs_d5q7evjnud,0.25
fs_2y4ak5vz3c,0.25
fs_1tctzhbl2b,0.25
fs_9ibzdsvqfw,0.25
fs_6e8k7qhj4u,0.25
fs_aweo03674v,0.25
fs_71b10lj3xg,0.25
fs_bv6bwxhh8q,0.25
fs_eybah0126k,0.25
fs_aasninfb38,0.25
fs_3i2ypljmqp,0.25
fs_4myhyripa8,0.25
fs_bxaboe4cug,0.25
fs_efotnslidj,0.25
fs_5va7ow7w9r,0.25
fs_aea3okoacb,0.25
fs_3rp326mouc,0.25
fs_6rakb4u8j0,0.25
fs_ktph5awlyp,0.25
fs_blhrxmhth7,0.25
fs_68kn3f1woo,0.25
fs_euk0cwsxrx,0.25
fs_81ki4wcdse,0.25
fs_8kn2gcw72y,0.25
fs_6jft99pkzl,0.25
fs_7qw9l9c6n3,0.25
fs_bxw41lixd3,0.25
fs_8dvuj0o4u6,0.25
fs_7xjibnda0y,0.25
fs_54w75o3klj,0.25
fs_71dbbypsfm,0.25
fs_a1n2gmuhll,0.25
fs_ccoy3lsqp4,0.25
fs_88xj9yg53l,0.25
fs_7ouyha57ce,0.25
fs_71xmsxmkom,0.25
fs_dhvi5gfevb,0.25
fs_2gxlc3uqsl,0.25
fs_6i4fz8kgqh,0.25
fs_aq8f0zw9p6,0.25
fs_8iwgpxg074,0.25
fs_1ttxcrty1d,0.25
fs_e58efhkeo7,0.25
fs_6qe4l9j69j,0.25
fs_8cfz42c9a2,0.25
fs_dttkfvbyps,0.25
fs_a56cocr1ce,0.25
fs_cb8znf5umf,0.25
fs_ccw4ci35ox,0.25
fs_ei6k7mz9td,0.25
fs_827c6r85qw,0.25
fs_9pd2f2e6xe,0.25
fs_217moecnum,0.25
fs_266615gvi7,0.25
fs_b2ycjjld15,0.25
fs_axodghyrx1,0.25
fs_f3zv0c1mps,0.25
fs_17th7bryxg,0.25
fs_2yum7qrvn7,0.25
fs_a9cgdutswj,0.25
fs_1fsjlxjf5c,0.25
fs_cao6ockxho,0.25
fs_exh2mxvwwa,0.25
fs_4xz587fh1p,0.25
fs_11p0t9v3q9,0.25
fs_dx897wern9,0.25
fs_awqwi3r5s5,0.25
fs_eof7enfegb,0.25
fs_94lfiqnk30,0.25
fs_a0tjwxeb8x,0.25
fs_6wdgsljthu,0.25
fs_a8nd736313,0.25
fs_53zb82g6ve,0.25
fs_c0rr125k2u,0.25
fs_f56unn0wq4,0.25
fs_26vpvoe36l,0.25
fs_c9jp975vq8,0.25
fs_5k6kq0o87q,0.25
fs_dmeccubi9b,0.25
fs_8s4mt5xwfi,0.25
fs_9rkz59tgym,0.25
fs_8l2jrecj5n,0.25
fs_9zmuqggllb,0.25
fs_3g03kpcdn7,0.25
fs_ewgmfj6ynp,0.25
fs_1ihxdz5o7v,0.25
fs_87p2wbgeln,0.25
fs_6u03fu6jqz,0.25
fs_30v03vhsir,0.25
fs_7wugvomule,0.25
fs_hxldsqiwcz,0.25
fs_8vat5037ei,0.25
fs_9wd7xpq2li,0.25
fs_6ia6h6rqlx,0.25
fs_41o47d7v2c,0.25
fs_qq6obk40m3,0.25
fs_6vs9ezqkjw,0.25
fs_dg5obtlx94,0.25
fs_9qhbla3tfa,0.25
fs_76jtk5ucpb,0.25
fs_84dkg8jc3m,0.25
fs_66qbynytmc,0.25
fs_1sovym73jr,0.25
fs_bfuqeue7yv,0.25
fs_eiaw38qdoj,0.25
fs_37n5a8uvxh,0.25
fs_9dgo6pdcy5,0.25
fs_4ofn2aye1z,0.25
fs_42a54p3hso,0.25
fs_ddift6jz8m,0.25
fs_7mzr4yab65,0.25
fs_9lnvoklph8,0.25
fs_3a4ga7z0ec,0.25
fs_85mfkh0jlh,0.25
fs_dlnpkp9rh7,0.25
fs_8rv9jy59pf,0.25
fs_9k24nfm5be,0.25
fs_c9hqfuvobr,0.25
fs_cppq46295z,0.25
fs_3iqkhovv4j,0.25
fs_1y8gb2tjh2,0.25
fs_eynk54t9cx,0.25
fs_5vd5xaymld,0.25
fs_ejcqaj5hb4,0.25
fs_ep2yyhnqxj,0.25
fs_ammthrk7hk,0.25
fs_75tll4eiyi,0.25
fs_2t3qpb293r,0.25
fs_br42wbadou,0.25
fs_6em0yyjq3t,0.25
fs_20bs20b54u,0.25
fs_1xu815z5uy,0.25
fs_3qtjtwv0t9,0.25
fs_9y94o1a4zc,0.25
fs_4v5czv03v8,0.25
fs_9kvbbyf42x,0.25
fs_c0c3pbzuzl,0.25
fs_4iv8qattd0,0.25
fs_1epw22k8e7,0.25
fs_bj73o7ngal,0.25
fs_5pe814xj3q,0.25
fs_6o9v8mwk2a,0.25
fs_861gcrqpp8,0.25
fs_agsj9votp4,0.25
fs_15q5iwwidb,0.25
fs_9z4ono6xvm,0.25
fs_4yyalw4e5w,0.25
fs_axh81zw3c4,0.25
fs_2m7p6radl9,0.25
fs_6m60qysjbm,0.25
fs_2ma8kn6nsw,0.25
fs_ct425cefh8,0.25
fs_68ofwigeyk,0.25
fs_co6gkreecg,0.25
fs_8iti8m63mm,0.25
fs_d0ij3014tk,0.25
fs_c3c2dfl1s6,0.25
fs_9b6uwbch80,0.25
fs_71zh4nfohm,0.25
fs_68cfqapesv,0.25
fs_64r33i7g0b,0.25
fs_cvor4a5y7k,0.25
fs_s0s4jjj8h2,0.25
fs_8xu0lyoyy7,0.25
fs_b8izio0suj,0.25
fs_56wkgxacrb,0.25
fs_4g8f50a8f5,0.25
fs_7k27gue9gr,0.25
fs_82bw79a0x3,0.25
fs_17ln1oottn,0.25
fs_ekmh9qnm7z,0.25
fs_eclrwmu93u,0.25
fs_4sec9g27w5,0.25
fs_9m4jv7ofsl,0.25
fs_f2y0aix81f,0.25
fs_awnyg987lk,0.25
fs_cwuqjvdrne,0.25
fs_70ba2jw1i6,0.25
fs_edz4v8r6ak,0.25
fs_c5ohe3jdr1,0.25
fs_bwq0q0zfmb,0.25
fs_2dq4y1cudm,0.25
fs_cep2aaywi7,0.25
fs_co6i9vde26,0.25
fs_6hr229eh97,0.25
fs_5eh8fe6109,0.25
fs_8nozuyvo7r,0.25
fs_7b16f8hg2q,0.25
fs_6qr6qe2nmi,0.25
fs_2kxfrcyczh,0.25
fs_7j6d7yrv6c,0.25
fs_9zirg1mwem,0.25
fs_eeu0fbmabt,0.25
fs_cni5kggusp,0.25
fs_dtp38ua4ku,0.25
fs_eiws4vgbz1,0.25
fs_86il737vl9,0.25
fs_b089o4ltd4,0.25
fs_2q2txorpig,0.25
fs_936a8l2tzu,0.25
fs_62nh7kg1sk,0.25
fs_6ldgkw5tuo,0.25
fs_b0mw46ugh2,0.25
fs_1k8k0l5z2a,0.25
fs_4jnbmci39y,0.25
fs_3vc3uw6rjj,0.25
fs_7op1ng5837,0.25
fs_e9c6p6vd8y,0.25
fs_77eqkdh8hy,0.25
fs_5ns7r9a1xh,0.25
fs_4f4rv0mguh,0.25
fs_5htmehwzve,0.25
fs_3zl26twouo,0.25
fs_2xd5bl7ox7,0.25
fs_c04shdwcmh,0.25
fs_eg41odr6y2,0.25
fs_bko28bn2rd,0.25
fs_18v9vguqlv,0.25
fs_23yuheorne,0.25
fs_d6ih3lqekk,0.25
fs_8djkwsl5xy,0.25
fs_761pemhtj9,0.25
fs_5p8n9v9atn,0.25
fs_5q4vns0sra,0.25
fs_cb03fd46zl,0.25
fs_3n449qix5z,0.25
fs_486sm9x0m4,0.25
fs_e73r6ymeuz,0.25
fs_6eacfuempb,0.25
fs_79rywg85jb,0.25
fs_eiuom2c33a,0.25
fs_5l40bq5ql3,0.25
fs_85spto3t7n,0.25
fs_1x6m9ebpjc,0.25
fs_5eks9j9vgj,0.25
fs_951typixj3,0.25
fs_888czocqy6,0.25
fs_4ejljnvhcf,0.25
fs_14tmrn4o7l,0.25
fs_ekw2xgez37,0.25
fs_c7hok0yyit,0.25
fs_4ued21dplc,0.25
fs_g70c6wvt04,0.25
fs_3f2jty8oor,0.25
fs_243g01sbm3,0.25
fs_bh2y31ercc,0.25
fs_cma19p3oyf,0.25
fs_3ykoe76imn,0.25
fs_6ey08m38bd,0.25
fs_tjzwy4j3ym,0.25
fs_6f4pj6un19,0.25
fs_9r5w0hhk7l,0.25
fs_2ryg6u4evr,0.25
fs_21zytv5qsq,0.25
fs_3xyyc3exev,0.25
fs_bmceu9vugr,0.25
fs_5d5crsoyp9,0.25
fs_2015ky2jpw,0.25
fs_2wvhy3vyar,0.25
fs_7jdeusx0ar,0.25
fs_ct5cmm4e30,0.25
fs_7nowz9dz7r,0.25
fs_e5snhec74n,0.25
fs_sa1f27go9y,0.25
fs_a05cdho6ap,0.25
fs_bl0l4zafo0,0.25
fs_62i51pbpo9,0.25
fs_192bifua8v,0.25
fs_62axlj0lmf,0.25
fs_36d8n91ol2,0.25
fs_rwlrirgkpb,0.25
fs_5z4tkebmwh,0.25
fs_3aikeyocm1,0.25
fs_5u9ml9y2dh,0.25
fs_3u56be570y,0.25
fs_4ffj3gm839,0.25
fs_2x294dz6fr,0.25
fs_dp5auzy0eg,0.25
fs_3su142bfel,0.25
fs_5n1g8ikhfn,0.25
fs_btzfppwdl2,0.25
fs_3xwi0ruhwi,0.25
fs_djn250pawg,0.25
fs_asif85qmpy,0.25
fs_dbap4rd0t1,0.25
fs_9ieykegonx,0.25
fs_3z5sa4bfex,0.25
fs_ba4s05blm8,0.25
fs_sj8yivvrtb,0.25
fs_7z1ek3q1eu,0.25
fs_60c4qcroyd,0.25
fs_68lxpmif1v,0.25
fs_4hzkjjhinr,0.25
fs_8lrzeabbvv,0.25
fs_5q3d18y78t,0.25
fs_5y5fz33dch,0.25
fs_blgqvg51la,0.25
fs_2fg0ouarq2,0.25
fs_aw6vi90kae,0.25
fs_belten8v0q,0.25
fs_8youkrmu8l,0.25
fs_2kdvsko3bz,0.25
fs_dj6r784a3z,0.25
fs_cv6m9ucufd,0.25
fs_q0srn7ctgp,0.25
fs_2d8y4zoe52,0.25
fs_1k244dn8la,0.25
fs_2tx7sw4vl8,0.25
fs_9rxhkp2ms9,0.25
fs_9017cp066w,0.25
fs_rwyj8h9rvr,0.25
fs_2n0srmt3il,0.25
fs_6ov3nhm8vw,0.25
fs_eeybh6u8lc,0.25
fs_a5n5wn22sp,0.25
fs_33nxe8vh31,0.25
fs_e5vec9lljd,0.25
fs_8wawjk542w,0.25
fs_94l7q8me9b,0.25
fs_rsojl7dj7i,0.25
fs_3i7gmrtaou,0.25
fs_ailbjwuy7i,0.25
fs_e7co50ez9n,0.25
fs_ag846xxgas,0.25
fs_9sqmrbcjug,0.25
fs_80xsnt5och,0.25
fs_198mv28jqj,0.25
fs_b3sz7fseup,0.25
fs_ddaktloeet,0.25
fs_ezz58oypfq,0.25
fs_bosvs51o98,0.25
fs_5nyhjtrj86,0.25
fs_c4nk5s53jh,0.25
fs_365joe10d5,0.25
fs_bime3edysk,0.25
fs_c7jcojth2q,0.25
fs_3abu8yq261,0.25
fs_avw17pmxv6,0.25
fs_1ijm7cs91e,0.25
fs_82s3g469oi,0.25
fs_a4gwpp44yr,0.25
fs_9hjkzotv7i,0.25
fs_cyb9y9el4b,0.25
fs_5xham17g3z,0.25
fs_1zkpr7dbns,0.25
fs_8f200wowdo,0.25
fs_cpf9qb28lf,0.25
fs_2j073jne0y,0.25
fs_7zamr1p096,0.25
fs_38s3x4zkxc,0.25
fs_bf8yr7jvji,0.25
fs_7i6odqztzy,0.25
fs_b7avrjqqb3,0.25
fs_cqhe5rv55n,0.25
fs_exol70i8qx,0.25
fs_2unva725ja,0.25
fs_avw7qbq5er,0.25
fs_bkbbgdcfv9,0.25
fs_5ax2u1846w,0.25
fs_66537ljutv,0.25
fs_ccuj2jx81v,0.25
fs_736a54cpme,0.25
fs_a1wsnkoy1m,0.25
fs_3rsrz68y2i,0.25
fs_90mjof579e,0.25
fs_b8ig7b5tzx,0.25
fs_63j3jfhqm8,0.25
fs_8tc4ijrrcm,0.25
fs_2ernn86rlx,0.25
fs_cfojku4jgq,0.25
fs_84bhz15m1r,0.25
fs_ca1kahcxep,0.25
fs_64i37ta9ar,0.25
fs_3t0zc2ozm5,0.25
fs_a2xqn25byc,0.25
fs_1s6zrliwle,0.25
fs_1vj8ob3av9,0.25
fs_ychkfv8iu7,0.25
fs_5sqlwvqry4,0.25
fs_5efva56qr6,0.25
fs_7owlp9zo0a,0.25
fs_zu748d5x34,0.25
fs_77j5x2ti1x,0.25
fs_8oi459z77p,0.25
fs_8dq22f1hjt,0.30
fs_eaufbuta6r,0.30
fs_1fkceimiur,0.30
fs_367jw86nbh,0.30
fs_8bs3d5ivbv,0.30
fs_e12g857kuw,0.30
fs_a947uhwqzy,0.30
fs_bfp6twktgr,0.30
fs_8hibo5hodb,0.30
fs_b3ap2n5dw8,0.30
fs_27qsgl763s,0.30
fs_37aiol8y3f,0.30
fs_yn3fopjoz6,0.30
fs_f5lnf31pex,0.30
fs_n21gd7o3oo,0.30
fs_ba8tosh89w,0.30
fs_c6ou8tvmyd,0.30
fs_baa5wcef92,0.30
fs_6pga3z7652,0.30
fs_67cqoebw5v,0.30
fs_775cr380mm,0.30
fs_37syfzzyfj,0.30
fs_ammiys0jez,0.30
fs_1eknugoptx,0.30
fs_1p2omqhgvj,0.30
fs_aknyqbu24e,0.30
fs_59l0t1e9ml,0.30
fs_ao8pmnzxwb,0.30
fs_e2tveud7cn,0.30
fs_dps7qkkou3,0.30
fs_7e3z3y9oai,0.30
fs_1pv39b1w0z,0.30
fs_2fryitsx1d,0.30
fs_5lh5so55uc,0.30
fs_a12hz0xnn2,0.30
fs_chc5u8vkqt,0.30
fs_a3lyuqhmlm,0.30
fs_knf3b2w100,0.30
fs_5rrf0p0y6j,0.30
fs_bgi1u6yxl6,0.30
fs_9frj1lphz7,0.30
fs_4a5cl0pqcp,0.30
fs_ll643fhaot,0.30
fs_apeatjaji9,0.30
fs_6mimv3516y,0.30
fs_ed55mtbvza,0.30
fs_bas3poyaws,0.30
fs_5dpgpxc7g3,0.30
fs_2iph07zt6y,0.30
fs_b1qz1kvj7g,0.30
fs_1mxfw2ghr1,0.30
fs_491bwcxokt,0.30
fs_4hjv2qqv4k,0.30
fs_496rxh2z80,0.30
fs_667gfamvzt,0.30
fs_c7w3yoksln,0.30
fs_64otwnni75,0.30
fs_7djfh0u6cp,0.30
fs_3erm8oqq81,0.30
fs_2za0wubmcm,0.30
fs_bdv43ki3oc,0.30
fs_3qqq41m8xw,0.30
fs_5hvha219oj,0.30
fs_6ss96lr6qz,0.30
fs_e6jue7b0cj,0.30
fs_2zx8n27l44,0.30
fs_a35hy99ksi,0.30
fs_asa3draudh,0.30
fs_1n8ad3kgck,0.30
fs_51smjomp46,0.30
fs_c259za68jy,0.30
fs_3e9lk9vnt2,0.30
fs_3uszn9yj2f,0.30
fs_7cmcr0oopk,0.30
fs_cggdkue5m8,0.30
fs_5hatyrko9q,0.30
fs_69yp3qc9jh,0.30
fs_83ffk3jrg2,0.30
fs_eqznpk3imb,0.30
fs_wvioac4yb9,0.30
fs_8qb8rkbnim,0.30
fs_dyvrm96ckh,0.30
fs_erdbhxeg18,0.30
fs_64x6zyr2yj,0.30
fs_2se84p8wb0,0.30
fs_1zdanfgvcz,0.30
fs_ddxz35yx26,0.30
fs_1t9j0w3tfj,0.30
fs_846sw55h9o,0.30
fs_149rvhpgbs,0.30
fs_40yc8024am,0.30
fs_61rf226yrr,0.30
fs_b5d84yhip3,0.30
fs_e740b2okfp,0.30
fs_dmhsk7oj5p,0.30
fs_bzaqgrm6zv,0.30
fs_a2k52lexll,0.30
fs_c9kt5zj8u4,0.30
fs_2ian5g6c1x,0.30
fs_nvyguvptfa,0.30
fs_afxdnetexy,0.30
fs_gkbctejvs9,0.30
fs_3f058v0w49,0.30
fs_9fhe5mt4nj,0.30
fs_62m821lk9w,0.30
fs_bfkidvtq9g,0.30
fs_1ka71aykc6,0.30
fs_76yc386yh6,0.30
fs_2nvvid4wmn,0.30
fs_ii9oqvq511,0.30
fs_920mq0oytd,0.30
fs_baomhm44tu,0.30
fs_8cksiws85t,0.30
fs_1exm7ffsk9,0.30
fs_9hydjusauj,0.30
fs_8pzzj06r5t,0.30
fs_3l7m6pnbxv,0.30
fs_8xxzcdl7tk,0.30
fs_8jxi7vdsti,0.30
fs_6091c5znwc,0.30
fs_83la0pkfo2,0.30
fs_a55lvbtc5q,0.30
fs_2sib0395az,0.30
fs_2bw79juj6v,0.30
fs_2n6n9xjnny,0.30
fs_9070f8njva,0.30
fs_e18g8pul4n,0.30
fs_7litsqrpd9,0.30
fs_9o7gbzsjhc,0.30
fs_63dr5y9ap9,0.30
fs_7jj4zfcjcf,0.30
fs_c7mrkrvyrr,0.30
fs_2kw4mxbhjq,0.30
fs_91ly9wf0rl,0.30
fs_7ezoafyixp,0.30
fs_4tjbzba8s8,0.30
fs_60blopvvzq,0.30
fs_7kdrck17no,0.30
fs_4ldtw89cf8,0.30
fs_5ehmg9d3f5,0.30
fs_dm1c107i5d,0.30
fs_bhptrduwq5,0.30
fs_7dtqi1vaej,0.30
fs_e0oixe3un5,0.30
fs_2cep3f1trf,0.30
fs_4wdters6gk,0.30
fs_6skzoe41cr,0.30
fs_byhvo35v9b,0.30
fs_56podn9v9h,0.30
fs_1m3lmzl968,0.30
fs_e06f9urn3i,0.30
fs_79gnbu11he,0.30
fs_7ee0ee5l0a,0.30
fs_az8yqt11io,0.30
fs_4o3rm9to17,0.30
fs_ejg5khkyw2,0.30
fs_4fooj62myb,0.30
fs_1w3w67e3su,0.30
fs_d46thlehn9,0.30
fs_dreipuzo1u,0.30
fs_7zala7hu5s,0.30
fs_aficwi0s08,0.30
fs_3asww0hvlm,0.30
fs_1jud75ux5s,0.30
fs_eo23ro2x0x,0.30
fs_bmac6zc7uf,0.30
fs_9rwjiiorl7,0.30
fs_2wyb27f9er,0.30
fs_4ramkc9o71,0.30
fs_csfxljnrwu,0.30
fs_8wtm2awqsr,0.30
fs_eveawho5va,0.30
fs_hn7utyx5gf,0.30
fs_4g2iiz6ek9,0.30
fs_52bbn8xq8x,0.30
fs_etdf0hpabi,0.30
fs_zpocscacxz,0.30
fs_4g093bs6rm,0.30
fs_d05bxlu4pb,0.30
fs_2u2126nina,0.30
fs_22i0a0yt0d,0.30
fs_ex5tpyfqd3,0.30
fs_9mwkgj4wdd,0.30
fs_cohoav4dht,0.30
fs_b04jc7xqtu,0.30
fs_88zd14pvqc,0.30
fs_bw1y3tcdgm,0.30
fs_4jsmp6pw1a,0.30
fs_5pm2zq1rl3,0.30
fs_7j9gbv3ia6,0.30
fs_acx5pnaeyn,0.30
fs_dcdbe6dorm,0.30
fs_27du9wvtlb,0.30
fs_cttm7y9iez,0.30
fs_dwt2kc0e4c,0.30
fs_4xotlwh9wv,0.30
fs_4f2gsnqj0n,0.30
fs_bdufoadn75,0.30
fs_6myvgq0j43,0.30
fs_5y5z2ry45x,0.30
fs_drzrovqe4q,0.30
fs_bc4g1mfwu9,0.30
fs_9ntas2o38h,0.30
fs_bzbs7ji4xi,0.30
fs_2enstz6irh,0.30
fs_bkan2s69fj,0.30
fs_2mhu19whez,0.30
fs_47no9g6c2k,0.30
fs_2wdipc9583,0.30
fs_on6vuxxmh5,0.30
fs_36szlr4ywi,0.30
fs_5po768iixw,0.30
fs_ev4hg1yuqd,0.30
fs_bxgtgb47ma,0.30
fs_buyn1bbiv9,0.30
fs_2qgaeuc20f,0.30
fs_7e3zv8qwc5,0.30
fs_cnj3m1usw5,0.30
fs_6njvp95jm9,0.30
fs_88ms223mhu,0.30
fs_2iko5xtkjc,0.30
fs_u19e4nwrxl,0.30
fs_2f5ih0ag8z,0.30
fs_drqvuciubo,0.30
fs_bvjlbojstb,0.30
fs_38mzj8kpf6,0.30
fs_23vsk1y155,0.30
fs_28lkgvqpj5,0.30
fs_2dhx5g1o31,0.30
fs_9m29xtsdxm,0.30
fs_27utb8k5f0,0.30
fs_6kfpu0rdgu,0.30
fs_eym02zna31,0.30
fs_b04t2elfmz,0.30
fs_bu9fvz6x9i,0.30
fs_7hjk6bykvy,0.30
fs_8ck6jmqf33,0.30
fs_ab3hmcisph,0.30
fs_42j30vt8gp,0.30
fs_ch4hmgaavq,0.30
fs_6mkyqvpyqw,0.30
fs_5ltiywlisa,0.30
fs_avp7toef0i,0.30
fs_9afec7o3jm,0.30
fs_byk85nyouv,0.30
fs_cgjb3ckxb9,0.30
fs_b4wy7zagp7,0.30
fs_a8tzu29bfy,0.30
fs_dc2dr0m6v9,0.30
fs_4yt746fa4d,0.30
fs_8o9vty6o0p,0.30
fs_dzjwdljo3q,0.30
fs_3hbjen2h3k,0.30
fs_8ywumooi8x,0.30
fs_6egdk44o92,0.30
fs_dgkm44oh5j,0.30
fs_1vfsbcpcpz,0.30
fs_1rjlc25lm5,0.30
fs_af52pu7uhc,0.30
fs_mksd8di61o,0.30
fs_2jg2sxmcyg,0.30
fs_bh02jc4pgj,0.30
fs_5rfrwyxcbr,0.30
fs_1u5eies922,0.30
fs_d5w83iof00,0.30
fs_au53l4x255,0.30
fs_5hvz5xf98i,0.30
fs_3n6qziyv4a,0.30
fs_95m67ccwd5,0.30
fs_2qhfap546u,0.30
fs_2y17e3a9l8,0.30
fs_5uuan3qjp7,0.30
fs_apqghio545,0.30
fs_63c2g4d2mc,0.30
fs_8tbdlq3vzd,0.30
fs_e4a2hfn11i,0.30
fs_1rknxcz0we,0.30
fs_eki6vx5usb,0.30
fs_2x6dmo5ci8,0.30
fs_dzvd5iv5nf,0.30
fs_8wdjxuoezr,0.30
fs_1vvhcm7pgc,0.30
fs_c734mnwur3,0.30
fs_7fi1knrqne,0.30
fs_5cowvdb8fq,0.30
fs_batkav3ql8,0.30
fs_a6z6vwdmsd,0.30
fs_5d0tzcfdrq,0.30
fs_aznwanwk9r,0.30
fs_9u3jru02yj,0.30
fs_c796g77ff0,0.30
fs_21ad4w3ts0,0.30
fs_90idnj95qe,0.30
fs_6wysy40txf,0.30
fs_d5d94q8smk,0.30
fs_4nk7p7ul2k,0.30
fs_b73v31tbsz,0.30
fs_8c3w6xzjgs,0.30
fs_9k8avyacpx,0.30
fs_7214mr8qy4,0.30
fs_9mkutnamxi,0.30
fs_di80ckc9p0,0.30
fs_8734snzrmw,0.30
fs_9xbzo52pe8,0.30
fs_3ueflkajs5,0.30
fs_h28juxk1kf,0.30
fs_43herjy2jb,0.30
fs_d1k3hpcviy,0.30
fs_6pmvysixmi,0.30
fs_936qco7fjz,0.30
fs_b17unhown4,0.30
fs_6jloe2asfj,0.30
fs_2asec1d9ku,0.30
fs_530ecc74ei,0.30
fs_7upio4uhxr,0.30
fs_b9lryx8hut,0.30
fs_5s5pprsgze,0.30
fs_3c0dgd3gcx,0.30
fs_1rnme4r0s9,0.30
fs_60d55b0m5k,0.30
fs_7o9jxglxff,0.30
fs_50fjg2qow3,0.30
fs_51c5urzq9q,0.30
fs_dgjs95tq68,0.30
fs_1lbcft418z,0.30
fs_9znb3gh6rm,0.30
fs_emxz1pozta,0.30
fs_94j67biao1,0.30
fs_3vpsb3709z,0.30
fs_3v03vz8469,0.30
fs_a1fjgi6a0g,0.30
fs_cd5irt63z9,0.30
fs_5dxmipl4fi,0.30
fs_7l9p351jsz,0.30
fs_5x6whwgqfs,0.30
fs_bmx0e27yel,0.30
fs_cn79gh4h7x,0.30
fs_e633jlawx1,0.30
fs_af40oxo13t,0.30
fs_1q3n8l0sq8,0.30
fs_e9sq0b6g3f,0.30
fs_121dw8a07p,0.30
fs_63b3j6aojv,0.30
fs_emaqnxzudo,0.30
fs_ezfup575ep,0.30
fs_9gynuawe45,0.30
fs_6re7d3qqoy,0.30
fs_d6rwcuuef6,0.30
fs_8vu7jcscvo,0.30
fs_46ggi7d90k,0.30
fs_cwmaus5361,0.30
fs_14kxt37k1a,0.30
fs_33pzdorooa,0.30
fs_e8rv2tvjnh,0.30
fs_94086wer2w,0.30
fs_7o23kw9a0x,0.30
fs_a61mlgxzoo,0.30
fs_85yups70qw,0.30
fs_2z6nygqsnu,0.30
fs_6aa79jkyse,0.30
fs_4q4zue5dmr,0.30
fs_2lg0bkh3vb,0.30
fs_dwgih336nf,0.30
fs_9dqd4yx6l0,0.30
fs_1d7ax9a3pw,0.30
fs_v0xsmomnld,0.30
fs_cr38fumfwv,0.30
fs_93pskb5mgb,0.30
fs_3vrwvp2rhy,0.30
fs_2c4g33blf6,0.30
fs_2c28cq8xt6,0.30
fs_dv0u81sxud,0.30
fs_eqeanqxrt4,0.30
fs_3euji7jl7r,0.30
fs_eks87gnxlk,0.30
fs_4as2ckcezq,0.30
fs_ccl3ncc604,0.30
fs_7ije9x9rcn,0.30
fs_cr8swhes8l,0.30
fs_ecupcjmuct,0.30
fs_44m7qrg3k9,0.30
fs_2u285k8cxk,0.30
fs_dwo9zuzbku,0.30
fs_rt7ocvqqi4,0.30
fs_9mi7bom4rb,0.30
fs_8rvto4276n,0.30
fs_yt7h7hmgvx,0.30
fs_ddcin561ps,0.30
fs_4e2e6carir,0.30
fs_8vy3zjlii6,0.30
fs_2cwyjt6roc,0.30
fs_639c55er2a,0.30
fs_2m4vfqkc0u,0.30
fs_krjg53zb3i,0.30
fs_1kc4el91pu,0.30
fs_budb4zqrbw,0.30
fs_b2nrj2loul,0.30
fs_evozajhd22,0.30
fs_6luntv1whr,0.30
fs_dsqp7fouwm,0.30
fs_2zpvme448n,0.30
fs_2e43reqzfk,0.30
fs_3m1fj3m08p,0.30
fs_8oz70avksv,0.30
fs_4j7qvf58o3,0.30
fs_dx20wjfd6s,0.30
fs_b0n2yzec6f,0.30
fs_13yt506a31,0.30
fs_d4gbnzsqi2,0.30
fs_3tkdvey6e7,0.30
fs_35fdl4810g,0.30
fs_3y0o5h14a4,0.30
fs_aw0bjnepyg,0.30
fs_4ktwdc7xqc,0.30
fs_cgkxajx9n6,0.30
fs_40vvrdwz7e,0.30
fs_60n3ol005l,0.30
fs_dbngjcasug,0.30
fs_10g644xzoj,0.30
fs_71f01ah8a9,0.30
fs_5p1r7f92il,0.30
fs_b7f9gpfmnx,0.30
fs_7fs4u0kztj,0.30
fs_2bdy0qshyj,0.30
fs_aj2o8acl9n,0.30
fs_5ye79ib50k,0.30
fs_29tx1n9ujt,0.30
fs_99983q64ka,0.30
fs_91i7rd5mh5,0.30
fs_eiszjvo6u6,0.30
fs_bhsdomh10a,0.30
fs_61a1qd38za,0.30
fs_2s8dh51qcc,0.30
fs_ewdsj2b5td,0.30
fs_4cbn3zayho,0.30
fs_376yquf5bb,0.30
fs_aqs6gds2cu,0.30
fs_9myhhfclv0,0.30
fs_9vp82zfo8r,0.30
fs_9cou8o76vr,0.30
fs_9hxjbboys5,0.30
fs_8odelni3pk,0.30
fs_5sajy341a3,0.30
fs_8mi3x8s13i,0.30
fs_cfy3u94dcn,0.30
fs_e1fomvlimn,0.30
fs_7bxwa0k7ro,0.30
fs_azsbw8nsz8,0.30
fs_bx4ltk5fvk,0.30
fs_e80k6kyky4,0.30
fs_4kjxc01hxt,0.30
fs_4yslezitp5,0.30
fs_brntki3s33,0.30
fs_73v1bh39wl,0.30
fs_5gk5mod4ut,0.30
fs_9yhkvtqbfv,0.30
fs_e27mmlbqac,0.30
fs_b65qd0ikcb,0.30
fs_8lrmdr1wkz,0.30
fs_8uum4513vh,0.30
fs_61nczbwjt0,0.30
fs_206mndfiav,0.30
fs_9nxfc1nbn4,0.30
fs_6d9r3qwtt7,0.30
fs_b8uwst83jj,0.30
fs_2s19krf9eu,0.30
fs_ew7z2wwp4o,0.30
fs_6eybz98aly,0.30
fs_8ljefix3im,0.30
fs_100w1ouzbv,0.30
fs_bjabt7vich,0.30
fs_1eqxsfxeku,0.30
fs_6x1otk2w27,0.30
fs_d40rkr7m8b,0.30
fs_944oeyq1lx,0.30
fs_1q786qe6so,0.30
fs_1u81qszubl,0.30
fs_7jp7axrwqc,0.30
fs_8uq4fyd8pm,0.30
fs_8r0ixcvyxp,0.30
fs_22zk9hciai,0.30
fs_cefgn3ukou,0.30
fs_99mul2vigp,0.30
fs_5fcnagcxyg,0.30
fs_ef4o45ke2k,0.30
fs_21r3bid7y8,0.30
fs_2alu27fjl5,0.30
fs_ci6iq0sar5,0.30
fs_b0l5oax5c5,0.30
fs_3b841w0j68,0.30
fs_559y6wud04,0.30
fs_80x0pr3qv2,0.30
fs_cjjyy2xbyi,0.30
fs_6onyerisyh,0.30
fs_860gdvtcyh,0.30
fs_5x8qvkqbv6,0.30
fs_81uxppwctq,0.30
fs_br7q11h0mj,0.30
fs_d1e29z8lzg,0.30
fs_cxpea3dn2a,0.30
fs_7df3i9bdpa,0.30
fs_2vwy7ozdol,0.30
fs_egfeaqheux,0.30
fs_ab6wddidbb,0.30
fs_1nq449ye9f,0.30
fs_85hq2evn52,0.30
fs_791ghihbua,0.30
fs_j0krcl90rt,0.30
fs_e3ynp4y80a,0.30
fs_c6m7u5hwbv,0.30
fs_diqwjlf6zq,0.30
fs_bud3qh92ap,0.30
fs_9ctd1droll,0.30
fs_dg8gwkhmav,0.30
fs_9ont6h07r8,0.30
fs_3ove9hzesq,0.30
fs_ez8tptzmyq,0.30
fs_9jcbb6thsv,0.30
fs_861ss36h7h,0.30
fs_2q735hcrcn,0.30
fs_992k9op2gj,0.30
fs_b31ecd9qhx,0.30
fs_ce092a5t0y,0.30
fs_4lpvpg6t7s,0.30
fs_3wjradlvoq,0.30
fs_e0m55zycd8,0.30
fs_1wwmtsirfd,0.30
fs_46nnuj03du,0.30
fs_41j6th9oar,0.30
fs_bu695njuq9,0.30
fs_b946bddkos,0.30
fs_3x03mdcutj,0.30
fs_2lmiafv88n,0.30
fs_db1fa2uyjq,0.30
fs_2xnkyn1mih,0.30
fs_69x3hqd6n5,0.30
fs_cu47qvc0e9,0.30
fs_diaa9hmuz0,0.30
fs_5hkzb7lwz9,0.30
fs_286hf5i1ta,0.30
fs_7w18s536rn,0.30
fs_aamd4hgc1v,0.30
fs_7101u3mc5f,0.30
fs_esl3v8bwa4,0.30
fs_apxzxd7a0y,0.30
fs_4qeb03cjuu,0.30
fs_oqqguwc2zn,0.30
fs_a58w0peh14,0.30
fs_1i4g5ium2c,0.30
fs_qtrtpyoti4,0.30
fs_6nix4x9nb9,0.30
fs_4ul7i0q1fx,0.30
fs_8qc8ichvd5,0.30
fs_5zxpgaeu53,0.30
fs_86ejmb1tnx,0.30
fs_4jxtbjibgp,0.30
fs_ai6mewi1f1,0.30
fs_bjlbz4c7r8,0.30
fs_1cw784zv6n,0.30
fs_5xdskeqod2,0.30
fs_1tu2ett6mt,0.30
fs_7fwfp722ln,0.30
fs_dimkyai82x,0.30
fs_dzuqfhqw0g,0.30
fs_ewl9e8dnr5,0.30
fs_3yeno7d118,0.30
fs_1fiexe2na3,0.30
fs_64tfh4cz0z,0.30
fs_7ddmhxwwr6,0.30
fs_ze9exdwdmo,0.30
fs_ofxfg30god,0.30
fs_8ppqx27nv5,0.30
fs_8msxpegehl,0.30
fs_9gzanfyf0p,0.30
fs_cnlysyt2gp,0.30
fs_f14o1k3rpc,0.30
fs_djkso6gx0k,0.30
fs_6xtym28r21,0.30
fs_3hc0jp1yf3,0.30
fs_69dteietp1,0.30
fs_a7bbvfjrjg,0.30
fs_1tyrjxqy0g,0.30
fs_88bo2yg7di,0.30
fs_34ig7bu5it,0.30
fs_ervj97vdiz,0.30
fs_17j89ttuss,0.30
fs_cfixxeex0o,0.30
fs_11tw4auxxi,0.30
fs_2vfssqamrf,0.30
fs_7751ql9p72,0.30
fs_14wyqblxyq,0.30
fs_ap86vxlmq2,0.30
fs_585tg7rpkh,0.30
fs_9jqcuk65u4,0.30
fs_1v5w4fdkat,0.30
fs_3jo8g2fw8d,0.30
fs_atf5a396z1,0.30
fs_26cevwp9k8,0.30
fs_6ycbe3b5hq,0.30
fs_ee3cy9skey,0.30
fs_16wof9tp5e,0.30
fs_cf66f2175m,0.30
fs_8x1trq0p0l,0.30
fs_69x9j7nhs1,0.30
fs_clmo8c18u9,0.30
fs_b1txaduygc,0.30
fs_7hiajj1q85,0.30
fs_f5imm3477j,0.30
fs_4b92jk3jrz,0.30
fs_7pmd9egki8,0.30
fs_4qfncyouwd,0.30
fs_9pdavl1t2h,0.30
fs_a9udd8mgtm,0.30
fs_4rsmw8m443,0.30
fs_6lo3ffbma5,0.30
fs_bb9nin3o0s,0.30
fs_2iagsk9f6u,0.30
fs_ep3nvc57la,0.30
fs_2badn3crcp,0.30
fs_7blx57v49e,0.30
fs_2h540pbb7r,0.30
fs_4tpxvbetxx,0.30
fs_ek4d3mdcgi,0.30
fs_b5989z1tyc,0.30
fs_4uuvopvya8,0.30
fs_a7pb1vdb0u,0.30
fs_919up0alw5,0.30
fs_bukb3zem4l,0.30
fs_ef8eeuues3,0.30
fs_41mjnhltnw,0.30
fs_97jmaa7xzl,0.30
fs_bpt6e42yre,0.30
fs_75vo39m762,0.30
fs_817zf9068k,0.30
fs_75s1srkbiz,0.30
fs_eipfaas5fe,0.30
fs_c5imet2ksz,0.30
fs_bp2evktfvg,0.30
fs_929250r26r,0.30
fs_8z2xo2ly7a,0.30
fs_6c9n772n2i,0.30
fs_b0u8zt6usc,0.30
fs_1fl0ffq7ob,0.30
fs_85gg9nc82y,0.30
fs_40syrobxbz,0.30
fs_1vvbnumqrj,0.30
fs_1rvjmia2yu,0.30
fs_buzs3g7w9w,0.30
fs_45riwfip0u,0.30
fs_1el9xpwfdk,0.30
fs_8pzjcepee7,0.30
fs_a77zumd298,0.30
fs_asywok9ovm,0.30
fs_1y1ltsxo8w,0.30
fs_6fl0zcnia0,0.30
fs_77fcf00vr9,0.30
fs_61k8uq3pjx,0.30
fs_3kexzgshm5,0.30
fs_ei5dstb8sz,0.30
fs_6vz3h1sxwl,0.30
fs_5zwq12ncg3,0.30
fs_10ih42klvk,0.30
fs_7i6e2cc9op,0.30
fs_41ugyb55pa,0.30
fs_atamieb0mh,0.30
fs_7wm9z9qc2g,0.30
fs_7ja52bgsks,0.30
fs_e0isvb9dnu,0.30
fs_bnyj9tbcqo,0.30
fs_846y0pwm4e,0.30
fs_al8h2i1ds0,0.30
fs_eyteq5owfj,0.30
fs_8mk0eu855r,0.30
fs_8ynnpeazg3,0.30
fs_7vicjnqv33,0.30
fs_ezyz88ezxp,0.30
fs_624ejl7ifq,0.30
fs_3cq379zxmz,0.30
fs_ehnzqyx58e,0.30
fs_el9a6pj9oy,0.30
fs_1514jsaoiw,0.30
fs_16pb3dbxzg,0.30
fs_c5vcfs27j0,0.30
fs_5jcfsy4x0i,0.30
fs_6shscptqfd,0.30
fs_679q3alfq5,0.30
fs_crpncvnlze,0.30
fs_9vcs156bjn,0.30
fs_dwjd6xao1i,0.30
fs_c2thmqpr54,0.30
fs_9bxekasuy9,0.30
fs_a29cp26nwc,0.30
fs_5bqrl2n4x2,0.30
fs_9ecf2th6zy,0.30
fs_3qxgvxt02f,0.30
fs_7hsll7su5l,0.30
fs_5zngsw695f,0.30
fs_aupj7fznsc,0.30
fs_jgy5sqjwml,0.30
fs_1jevmvhds2,0.30
fs_8kp83ataro,0.30
fs_4jtk5sovun,0.30
fs_5vunjy96wh,0.30
fs_4rwus4boi9,0.30
fs_9m6r145oiw,0.30
fs_3avh3x88hw,0.30
fs_f34sziuuex,0.30
fs_bstsz6f9q1,0.30
fs_dxphbz0y9g,0.30
fs_1qtinyah8q,0.30
fs_33zj3hfac6,0.30
fs_3quwstga21,0.30
fs_8tac0hiqbc,0.30
fs_966i9xm2ib,0.30
fs_5y66paozy6,0.30
fs_bytjturmqr,0.30
fs_qclegduwqm,0.30
fs_1d3lut2n0g,0.30
fs_co52mag0oa,0.30
fs_ahf7n7ygx0,0.30
fs_6v38nwpvax,0.30
fs_2fauxepe7f,0.30
fs_2la92c82um,0.30
fs_9d7lp75v8d,0.30
fs_5cg9mie2g9,0.30
fs_700j9lb6ph,0.30
fs_bzu80r6wg0,0.30
fs_egl6y2z2ak,0.30
fs_f2j3i4sq82,0.30
fs_cm9shkdmos,0.30
fs_92m4urhotz,0.30
fs_6cffjbguc4,0.30
fs_cib80h34fv,0.30
fs_dpnr1eoxpw,0.30
fs_as533jekvs,0.30
fs_5y4rio7wj9,0.30
fs_d00z1wz44a,0.30
fs_4bixxsebwb,0.30
fs_cs2t7f0tmo,0.30
fs_1jpanud4ff,0.30
fs_b10cwe8si9,0.30
fs_c6c0r5gijj,0.30
fs_ecp3xc1pk8,0.30
fs_5lqnx0rjcu,0.30
fs_4q4qbkpxlt,0.30
fs_9h9f9hixyr,0.30
fs_c6rxtheh1c,0.30
fs_2hg555ejzr,0.30
fs_8oc6mky5av,0.30
fs_dm830hinhi,0.30
fs_4x84a2lipw,0.30
fs_4mfd3bnsrw,0.30
fs_8a3gza85i2,0.30
fs_cjq37drpwd,0.30
fs_c22fqybnry,0.30
fs_12w5n71h7w,0.30
fs_bsi38t7od5,0.30
fs_25d92xpl01,0.30
fs_jgs4cyz18m,0.30
fs_9ac79s9lz8,0.30
fs_7p7bjlw1w9,0.30
fs_da829z8ehg,0.30
fs_5cw158rzgy,0.30
fs_3feku3f5ce,0.30
fs_8wab6leypq,0.30
fs_4g59u48vdg,0.30
fs_4i0ggukjjr,0.30
fs_ccjhxa212s,0.30
fs_13fj0g1qr5,0.30
fs_2vnjsqlk81,0.30
fs_720b4q67s7,0.30
fs_j8n7jh6q1z,0.30
fs_db0s7v07zk,0.30
fs_2eiryvw1p0,0.30
fs_2rg53tjpw0,0.30
fs_3isoqvb9v2,0.30
fs_5q5y3w9369,0.30
fs_9gd5ci7728,0.30
fs_aprqkhx77j,0.30
fs_42st45zqdj,0.30
fs_7kp3tgfrzr,0.30
fs_boopquv4kv,0.30
fs_f2c6l9vp4t,0.30
fs_5a5ya4crkc,0.30
fs_2vghkvzzts,0.30
fs_abjlyojw4q,0.30
fs_cb2zww1fly,0.30
fs_cuvdi5odp8,0.30
fs_7tgkxu0j2d,0.30
fs_upkrjkl8u4,0.30
fs_3cooq90ui5,0.30
fs_6f1pbul9rp,0.30
fs_ti3udoeqht,0.30
fs_665yz5gp48,0.30
fs_akphefkj74,0.30
fs_4nuh46pyhm,0.30
fs_9yg2qb6fkn,0.30
fs_5cw1v7aqde,0.30
fs_7y6y1jg18m,0.30
fs_d5k8hk809n,0.30
fs_eyl7b0ybnd,0.30
fs_4n79ii8zwp,0.30
fs_d1gwtlm4ia,0.30
fs_1l8jqdr04a,0.30
fs_9gvq6j67vd,0.30
fs_ac4qcnxdpx,0.30
fs_821w7v8i4z,0.30
fs_74sb164s4s,0.30
fs_cv6cks021v,0.30
fs_abxxyoiqtm,0.30
fs_7m4qvyekll,0.30
fs_83sjtnthvw,0.30
fs_61fduyvgwj,0.30
fs_v90gu80ynj,0.30
fs_dxw0irpieq,0.30
fs_3coapk4wor,0.30
fs_1nbnzj1tn8,0.30
fs_bw64dyi6q4,0.30
fs_439ucknvrx,0.30
fs_nc6s9etmph,0.30
fs_7n09gsfb0s,0.30
fs_5w7ujxziqe,0.30
fs_1gdnkn95o5,0.30
fs_7h8ku1xkz2,0.30
fs_bb6qdnuh9g,0.30
fs_dtonqiuzef,0.30
fs_40fu00fw3w,0.30
fs_62jwv7nju1,0.30
fs_13925sjtwu,0.30
fs_52xorqjuvu,0.30
fs_ez6nz8rniy,0.30
fs_3sl7skpd1v,0.30
fs_cyb5qhs2wq,0.30
fs_doldwt48nv,0.30
fs_bcgna5jd8w,0.30
fs_2wxpuynj6c,0.30
fs_631d4ruxy1,0.30
fs_3mm2256rnv,0.30
fs_7jhzdx1u3h,0.30
fs_9yoy2pfw46,0.30
fs_6feqkhuvjr,0.30
fs_2n05tmkg69,0.30
fs_5wwri69gdp,0.30
fs_bk2r4xfgpw,0.30
fs_3l4ngjvya6,0.30
fs_2er7tea5cn,0.30
fs_4mjiqrbuv6,0.30
fs_1ckr5j6b96,0.30
fs_cuxw2zws27,0.30
fs_88xixjyvav,0.30
fs_a8f3v2gog2,0.30
fs_2oqfndt9k3,0.30
fs_bu4ck9oprr,0.30
fs_9dm4qa5fb9,0.30
fs_6v9zjgxfmo,0.30
fs_8aycxbg2v7,0.30
fs_9q54lebm99,0.30
fs_2ukywhpyfq,0.30
fs_3ekd8jwg7n,0.30
fs_25k0kmebif,0.30
fs_cl2a1qz7ju,0.30
fs_10ga3ccxwr,0.30
fs_5pf15krocw,0.30
fs_bgtvws0pnq,0.30
fs_e97pyb8l61,0.30
fs_79udm0dg7h,0.30
fs_cc8h6yw86t,0.30
fs_cjc8gj1j1i,0.30
fs_a4mv5tat37,0.30
fs_33ept41npp,0.30
fs_53k2s1ghwm,0.30
fs_3cv1ehl6k4,0.30
fs_ejpgy0b2l3,0.30
fs_chbul9iovc,0.30
fs_aorwskw9eh,0.30
fs_7fznt5vic3,0.30
fs_ebbqm68xf9,0.30
fs_8ycwblj9yb,0.30
fs_4foqlgvv77,0.30
fs_4en5qmk2bl,0.30
fs_4f3n9x0eiu,0.30
fs_8pen61jkuo,0.30
fs_a4ioyxe45a,0.30
fs_c2i1wrv3vc,0.30
fs_7ht78pb873,0.30
fs_7ok8g96vlv,0.30
fs_4ngi3az5l0,0.30
fs_2fnimu1div,0.30
fs_9wnru9szay,0.30
fs_97fe35ym0l,0.30
fs_7at6qssy4z,0.30
fs_2x89tn2fhd,0.30
fs_ahw4r5hsem,0.30
fs_3i4yf1s12t,0.30
fs_d6ud4fvhyi,0.30
fs_8vc107tbml,0.30
fs_4lioki90cw,0.30
fs_4w6kqgpffu,0.30
fs_ck72l1zsnh,0.30
fs_casskoc7ze,0.30
fs_4osg0025q7,0.30
fs_9b7wyvpvyu,0.30
fs_cwuinfi1z1,0.30
fs_acjzwzeclp,0.30
fs_51twbbl02o,0.30
fs_bo9tz2g38u,0.30
fs_ed3ewchkhu,0.30
fs_eozqd6uzxn,0.30
fs_68y7dudkjj,0.30
fs_5lnfs9peux,0.35
fs_8qid1agx34,0.35
fs_1y6mbgnjii,0.35
fs_2o7ps9xzm5,0.35
fs_ebycs9xw71,0.35
fs_a7u2hu7ypk,0.35
fs_6rkw1qt2of,0.35
fs_deoj8fcrw1,0.35
fs_cjl58sc9rk,0.35
fs_bzdvn3c3wo,0.35
fs_zh7a2a5vef,0.35
fs_ez9ne63b0w,0.35
fs_dh5h03lnee,0.35
fs_cr6937kkyq,0.35
fs_40iogif9w7,0.35
fs_au0elswzwc,0.35
fs_cwiojrquv9,0.35
fs_3uvinfti7h,0.35
fs_4v4r8bs2kj,0.35
fs_7imi2hin0c,0.35
fs_8qm4vgje0k,0.35
fs_9g5y0g0m1t,0.35
fs_14shbpt5nb,0.35
fs_ajqw2m3227,0.35
fs_8fmzra6z7j,0.35
fs_63mmnd6bsd,0.35
fs_cobe6bz8e1,0.35
fs_b58mbl66e8,0.35
fs_70iti7j488,0.35
fs_4u57s74uqj,0.35
fs_a4awvgkohe,0.35
fs_d5j6tag6s1,0.35
fs_dx9f8x803t,0.35
fs_elbg3wthk7,0.35
fs_dolrsmb231,0.35
fs_drjoebsatd,0.35
fs_i2lhnndjuv,0.35
fs_4tu7eti250,0.35
fs_9buijmtrba,0.35
fs_2w72voesl3,0.35
fs_e27n4jo03z,0.35
fs_6txr2via4j,0.35
fs_c6b88gxuhr,0.35
fs_at9pq0iwnv,0.35
fs_9ry90l4dzq,0.35
fs_85spxct0xt,0.35
fs_e8v7mezds3,0.35
fs_4zce0k1uej,0.35
fs_a7rgbjphby,0.35
fs_7hgjbo9fl2,0.35
fs_bj8w75n68v,0.35
fs_2aagt1yw62,0.35
fs_6jvzvryd7v,0.35
fs_8bcxjx6qew,0.35
fs_8ycdn0skii,0.35
fs_9rbem1abm1,0.35
fs_2e1i6dks3i,0.35
fs_epvuoruhv2,0.35
fs_lao7byqr7a,0.35
fs_eo0ymk8d0q,0.35
fs_1pi1ww1xu0,0.35
fs_8y29v2hbhw,0.35
fs_4lr9h4m5tl,0.35
fs_6yam2hb09d,0.35
fs_8zrda2h352,0.35
fs_ast8xsjyg7,0.35
fs_1m9hinfu9u,0.35
fs_b0u4ivzyt6,0.35
fs_5wgl3r2l8t,0.35
fs_606lpcztzu,0.35
fs_472ciwuubm,0.35
fs_eazvdr0s7n,0.35
fs_dpsnem6d8t,0.35
fs_5mmq7ov4o0,0.35
fs_7y8xroko7s,0.35
fs_d17a1km1jx,0.35
fs_o8kejvl6kc,0.35
fs_cwoxfu4icm,0.35
fs_5omxaqf9kn,0.35
fs_7atbl1bp1g,0.35
fs_11pyebg7sh,0.35
fs_1v6gzry60v,0.35
fs_88whwprutk,0.35
fs_b6zckrsowz,0.35
fs_av1hglt29t,0.35
fs_aor9mrjdmh,0.35
fs_1ne560wddu,0.35
fs_cz3ubm3et7,0.35
fs_56i9ibfu3m,0.35
fs_6ksl8j2lfc,0.35
fs_esf8r4h2px,0.35
fs_8oshjfv1ch,0.35
fs_cmdyy2scsr,0.35
fs_2cqxgy23na,0.35
fs_8javyhtia0,0.35
fs_4s1f7ftpvi,0.35
fs_50ejpb4atp,0.35
fs_e08ary82bv,0.35
fs_62q913d0lw,0.35
fs_4s10dz3bbb,0.35
fs_6w11c9g4x7,0.35
fs_co0r6igxob,0.35
fs_eqgdlsldyh,0.35
fs_byy6scbnmk,0.35
fs_4falkqpbij,0.35
fs_5n45xbe5vv,0.35
fs_7nx0cyx8zm,0.35
fs_b65vz17ucm,0.35
fs_brbnw1dc1a,0.35
fs_82p5sll4ua,0.35
fs_5qf72iiaop,0.35
fs_70blz5sx4j,0.35
fs_2utxvgbwwe,0.35
fs_30g497w0r9,0.35
fs_7edatzhw7l,0.35
fs_7zd67cxyp6,0.35
fs_5cebdzhgs2,0.35
fs_ds0veto3eo,0.35
fs_6grertzjz8,0.35
fs_9f8unc4xp8,0.35
fs_cdsw2gfks6,0.35
fs_j3zvmizx4g,0.35
fs_1n0ckilg3q,0.35
fs_6riioqy1gm,0.35
fs_bc1nd861hy,0.35
fs_9doarv77mn,0.35
fs_8tsf4qz039,0.35
fs_1z60yq4g3r,0.35
fs_3508a4id6u,0.35
fs_de4gu6qs0l,0.35
fs_4t9j5zpnz4,0.35
fs_3g4swd29mh,0.35
fs_a9cbasws9o,0.35
fs_dl7gzzves0,0.35
fs_egovdcpwb1,0.35
fs_14iq4xlpj0,0.35
fs_6fd0esyl9j,0.35
fs_dczj63jetp,0.35
fs_ag88cwgmrs,0.35
fs_5l8rggp2nn,0.35
fs_7lf5dfzlid,0.35
fs_6st97nn528,0.35
fs_16vytx8oi6,0.35
fs_94g9gn2ubv,0.35
fs_f0y23j7kxt,0.35
fs_f051dytxec,0.35
fs_1f82iael9a,0.35
fs_1cl66xjm7r,0.35
fs_9btlvbtg2x,0.35
fs_5xmebigfg3,0.35
fs_excll62set,0.35
fs_9rui1bqu3q,0.35
fs_5x1cjabq7w,0.35
fs_9agrdu5054,0.35
fs_5rn7avhxfy,0.35
fs_1ja231kmzc,0.35
fs_661r75x7v3,0.35
fs_ehi26k2tf1,0.35
fs_6mqio2ipz3,0.35
fs_91g4ztwpk6,0.35
fs_br6qjpbdxb,0.35
fs_86qqkj007v,0.35
fs_71miwtaycr,0.35
fs_9bqb5ywmjb,0.35
fs_5rka4wm1cw,0.35
fs_2nm4waijjc,0.35
fs_5ghfi84lq4,0.35
fs_4iyx8n5iv2,0.35
fs_90igo40ttm,0.35
fs_3uxsq1dgwq,0.35
fs_eiodwy8zq0,0.35
fs_8l20gs2g20,0.35
fs_brdtillbjm,0.35
fs_4bcfwx424w,0.35
fs_aq0r0qf85k,0.35
fs_7jtkqi3fhl,0.35
fs_dzjwdvwrwy,0.35
fs_ai874t3p18,0.35
fs_3c2cf7zc7x,0.35
fs_bkgpwduz05,0.35
fs_bxpnmighgb,0.35
fs_43na30unta,0.35
fs_9olv0oo867,0.35
fs_8lhtbu83gu,0.35
fs_am9kfu92ez,0.35
fs_6vh7efum7y,0.35
fs_8ygnmo182t,0.35
fs_3uxcrgz7bp,0.35
fs_5qmo0vyu3v,0.35
fs_3plokrrf8q,0.35
fs_a09pk4fxcl,0.35
fs_9eeu05er23,0.35
fs_gxpmcm94n5,0.35
fs_9zj7xhsmku,0.35
fs_8smjjijcts,0.35
fs_1c9q33fbfj,0.35
fs_2e5qr0pviq,0.35
fs_atmotwx3g7,0.35
fs_edh0z09aqu,0.35
fs_5k72k0cnrz,0.35
fs_8i9ug5wuu4,0.35
fs_3j3kyl8s89,0.35
fs_jlwsjfufy6,0.35
fs_6276u23koq,0.35
fs_c0ay4o1c8z,0.35
fs_4api946csk,0.35
fs_77j8bfu9pm,0.35
fs_5ba01rqssz,0.35
fs_66446o821l,0.35
fs_c3mf7ek7hw,0.35
fs_7wf7x3ardo,0.35
fs_2y6r6iqaua,0.35
fs_8j7els0ttg,0.35
fs_b2ti79qmcq,0.35
fs_afnk4gd9p7,0.35
fs_4k15zzwz4l,0.35
fs_618zjcc22h,0.35
fs_1d6iku7jx4,0.35
fs_2ggv0mdj8y,0.35
fs_3mxpgtnrvz,0.35
fs_6r2dwhicm7,0.35
fs_67dzpr344i,0.35
fs_c6y4stqxep,0.35
fs_6dm7x9pu0m,0.35
fs_4j1l0tb69b,0.35
fs_2525cpukhm,0.35
fs_9a0ka2hc7z,0.35
fs_43lvpk17er,0.35
fs_c7jlhswi0t,0.35
fs_22fweniwo2,0.35
fs_bd5vawogv1,0.35
fs_dw9qct50jh,0.35
fs_eg9kvckn0v,0.35
fs_d7udpna9j2,0.35
fs_adz4qwxfi2,0.35
fs_79hia27p0t,0.35
fs_r43bnh29wq,0.35
fs_2v3hp6nsb7,0.35
fs_2ztei2oit3,0.35
fs_84rfy3pbgc,0.35
fs_ax8mv00h01,0.35
fs_8b94nt2cf0,0.35
fs_8i9yauhdgk,0.35
fs_3tri1v8osi,0.35
fs_c68brd89kr,0.35
fs_1p1g17ajrc,0.35
fs_3mc7500yy6,0.35
fs_4gp19mr4pu,0.35
fs_6x24ey4zj8,0.35
fs_d45g0ebfe9,0.35
fs_9ckx1o0z5u,0.35
fs_ee27eihp5z,0.35
fs_89peq2k79f,0.35
fs_2yvmgjdcsw,0.35
fs_1m5p1gtf49,0.35
fs_98yc5gm7iy,0.35
fs_7ud2tbaf7q,0.35
fs_8zxxfwwcd5,0.35
fs_5e4tjw5t22,0.35
fs_9jg5zsrcvn,0.35
fs_80qdgcwm0p,0.35
fs_9n1uc3od4d,0.35
fs_6c087cckct,0.35
fs_5thdtv8vez,0.35
fs_36klsw5je1,0.35
fs_28t6svgvkk,0.35
fs_eb1yyyp6kt,0.35
fs_cdbard8ahg,0.35
fs_2hzx24q5ky,0.35
fs_f2ch48btry,0.35
fs_8ier9kaiso,0.35
fs_1wi4ie11k1,0.35
fs_v5xjl1gjcb,0.35
fs_80760vaiqf,0.35
fs_92ozxl3w0j,0.35
fs_6x4b1z87wa,0.35
fs_9lawzwmqeo,0.35
fs_eyy34hd24u,0.35
fs_rd4twmg794,0.35
fs_edpk62euyh,0.35
fs_947v5er9wr,0.35
fs_a9fqe2gku4,0.35
fs_8n80dk7wjy,0.35
fs_f0vkl8mne9,0.35
fs_v7wgvlexck,0.35
fs_dgx7c34kb5,0.35
fs_bwmo79bub8,0.35
fs_dzh1wuhas4,0.35
fs_38z77xoegd,0.35
fs_b523hehss5,0.35
fs_7j6i77a8p7,0.35
fs_8ka7jvwfc7,0.35
fs_b12zdmu9rz,0.35
fs_4prj2vwspn,0.35
fs_7oyeib6m48,0.35
fs_3pez5a2fm5,0.35
fs_bxiya42oz3,0.35
fs_1nod4ohet0,0.35
fs_6o1iy9qixt,0.35
fs_93mmd4aj9t,0.35
fs_bieex3j0cn,0.35
fs_846mhbuzxf,0.35
fs_bqvzzw08jd,0.35
fs_13kibovuc9,0.35
fs_585h7z56jq,0.35
fs_6xqfo3juh0,0.35
fs_9pwsjuwug9,0.35
fs_88tkcne04n,0.35
fs_8tehatrukk,0.35
fs_9z4keeif7s,0.35
fs_70htslgfin,0.35
fs_c93qd364rx,0.35
fs_8odt0tmc0y,0.35
fs_5ccvqesa0s,0.35
fs_2o8tyokqo6,0.35
fs_lc76pees8o,0.35
fs_gsesvyyaou,0.35
fs_2trx6tkvwr,0.35
fs_3l660z3tzy,0.35
fs_6c0ngoqbv4,0.35
fs_41qld5dac3,0.35
fs_9kxdgafg9h,0.35
fs_eifduds7an,0.35
fs_a6c3ucidry,0.35
fs_18blmw8da8,0.35
fs_68074bk239,0.35
fs_4irn5wvpyj,0.35
fs_1vpotuhajv,0.35
fs_3mrf9ezpfx,0.35
fs_5h8hy47y4b,0.35
fs_6ftxm4fsup,0.35
fs_15a5zvjas8,0.35
fs_duk2cqaifh,0.35
fs_7ynr2opbl5,0.35
fs_63rgxfo3jt,0.35
fs_9df13sirv7,0.35
fs_emqy8o7k9e,0.35
fs_6nt0fyrfcg,0.35
fs_360t6rr6f7,0.35
fs_5waj6t25ha,0.35
fs_bxwplgia62,0.35
fs_86pe7sgbk8,0.35
fs_9lzvrg5a5u,0.35
fs_cm4t92xmif,0.35
fs_8ftvfs0d7m,0.35
fs_4i9jt6qh24,0.35
fs_b59bffaof9,0.35
fs_3h7d2lvnop,0.35
fs_6ikt48t5a8,0.35
fs_4k49gp4zhn,0.35
fs_ctuaymq7wu,0.35
fs_4r50wtf6tw,0.35
fs_6uzydekt35,0.35
fs_d8z12feozb,0.35
fs_bk8r5jle6c,0.35
fs_3yo7446tcx,0.35
fs_6xf734fbbz,0.35
fs_l9a0w3l4l5,0.35
fs_7kpsuyr1vp,0.35
fs_2bbdqyg0n4,0.35
fs_8c5juya0kq,0.35
fs_5bzpeqi8d9,0.35
fs_d13riprsyf,0.35
fs_8mafa3m0pv,0.35
fs_8y4w2tm620,0.35
fs_bjdp65wal5,0.35
fs_710fnzwzvt,0.35
fs_7k0uc3jnlj,0.35
fs_7uzgwhg8ar,0.35
fs_1iqtvxa60d,0.35
fs_e2euxwwn8m,0.35
fs_j1k7wx1kna,0.35
fs_7ut78bw7ci,0.35
fs_er9p766x2f,0.35
fs_51q62im3q8,0.35
fs_2i73b28def,0.35
fs_6rbntq79qg,0.35
fs_euecthsxbs,0.35
fs_4jc1iqfi1r,0.35
fs_4y0dlhg7pr,0.35
fs_1vhjf5sls9,0.35
fs_8z91sz15f5,0.35
fs_4dzc8f7aga,0.35
fs_4g6w72odq4,0.35
fs_7ns20a3k22,0.35
fs_1b352727f7,0.35
fs_97wzs235jx,0.35
fs_1jsj7f4gpf,0.35
fs_269u9v5ugs,0.35
fs_2d0lf4hnh6,0.35
fs_d7hipa03m6,0.35
fs_f00kdilup8,0.35
fs_1sig301lhw,0.35
fs_4csmq9fw7m,0.35
fs_1q0delq4lp,0.35
fs_d7fpkv3jzq,0.35
fs_a9z5q512wi,0.35
fs_5avgl63225,0.35
fs_at6rmxha5e,0.35
fs_f3np3cmqi2,0.35
fs_1zv785ba1n,0.35
fs_1t0wcxqpea,0.35
fs_dj2wj9r4q2,0.35
fs_4s5v6p8180,0.35
fs_cjkk1p0wby,0.35
fs_c678ntvc1i,0.35
fs_etx5yzir87,0.35
fs_6mw6xl4d4x,0.35
fs_b2afbryrs6,0.35
fs_4hf0l2nwyp,0.35
fs_5l72gvd6of,0.35
fs_982qpxxxvo,0.35
fs_c1jln920aw,0.35
fs_83whtkulmi,0.35
fs_7nql1qq08k,0.35
fs_ezy6jp7pp7,0.35
fs_6zrhhyiufb,0.35
fs_dsfx7wrees,0.35
fs_5i3vioo2u2,0.35
fs_5r8j7x8598,0.35
fs_c33gopq92w,0.35
fs_2tpzpluced,0.35
fs_683wpjbu0g,0.35
fs_3fiegzxu5u,0.35
fs_244jey4y6s,0.35
fs_cth0wd8edb,0.35
fs_2ndnli8e02,0.35
fs_en1azhc1wa,0.35
fs_czd1mqurkj,0.35
fs_51lqzo72hu,0.35
fs_c8a0gv63lm,0.35
fs_3hifbjux9n,0.35
fs_6ml7rib1ar,0.35
fs_8fgt8cce3v,0.35
fs_enoyz2s76c,0.35
fs_a9ercb0y6i,0.35
fs_46itjuf3fo,0.35
fs_es5jmoeaxy,0.35
fs_awo72apj2n,0.35
fs_1ybvwzemke,0.35
fs_et4441upvk,0.35
fs_9j1c73fax8,0.35
fs_61itrg6mbs,0.35
fs_epfiwts07g,0.35
fs_daa9u1gyi2,0.35
fs_3e5hbyd5hk,0.35
fs_brijo947gn,0.35
fs_94d1xwffv6,0.35
fs_4z22ihasfk,0.35
fs_8hb8xgjzri,0.35
fs_2jxn2q1w78,0.35
fs_2cu06jul1n,0.35
fs_2ra7r6kk7h,0.35
fs_5ktz95o5yo,0.35
fs_bgitabof02,0.35
fs_5g6e4a81nx,0.35
fs_a17f1j54sf,0.35
fs_7g0syw3shb,0.35
fs_dbrfhpyems,0.35
fs_3pbcrlqryr,0.35
fs_cg5i1eioej,0.35
fs_47vug172j6,0.35
fs_4sm858h91r,0.35
fs_9i8nhfs2li,0.35
fs_f1justda2g,0.35
fs_8a18lpr8c9,0.35
fs_9i5s2ithlj,0.35
fs_105phsc5x1,0.35
fs_9oeeidv312,0.35
fs_8u676qt29f,0.35
fs_t90r97ovns,0.35
fs_da3qivj34n,0.35
fs_bumyyl18mm,0.35
fs_avbi40ez5z,0.35
fs_7kdcorvqap,0.35
fs_aokvafoqd1,0.35
fs_8b2wvwrtrt,0.35
fs_3cnd1y8wyz,0.35
fs_4h3qppg618,0.35
fs_rw3v66yz1v,0.35
fs_ad22ntmlh8,0.35
fs_exptqw3774,0.35
fs_ahwtgx83ty,0.35
fs_9rxt0vbhva,0.35
fs_alk8ucizf9,0.35
fs_bpadmj2uin,0.35
fs_4uxo8qep26,0.35
fs_4kc5foj588,0.35
fs_efyrq2o4yq,0.35
fs_2xwt0qsc8o,0.35
fs_5qzn7o4bmf,0.35
fs_63fhbqxh8b,0.35
fs_9cudsrsxlw,0.35
fs_7nknquw3rh,0.35
fs_97bg3ey94n,0.35
fs_1m80w25n3i,0.35
fs_eaeluw9vcx,0.35
fs_8mqfzv32t1,0.35
fs_149cmy5xc4,0.35
fs_kvp38ux18q,0.35
fs_4z3dhn9qfy,0.35
fs_44hxy3ea7q,0.35
fs_b9xsbv0vv0,0.35
fs_45dusev3qs,0.35
fs_7cpjaffzi6,0.35
fs_9eeya3h4lk,0.35
fs_azyd9lwj2k,0.35
fs_b1j7gywr6l,0.35
fs_9bjyuombjv,0.35
fs_e53bcwqtu0,0.35
fs_2dpg5w2mhl,0.35
fs_dxe26w757x,0.35
fs_903ul7ukfq,0.35
fs_7qp9r5buwf,0.35
fs_aet8p0x9rs,0.35
fs_aei714or11,0.35
fs_3s3w2srru3,0.35
fs_6wbumwlq9w,0.35
fs_c0xvmhwfs0,0.35
fs_e6m6wt7ygk,0.35
fs_cc1xlaxza9,0.35
fs_a06msg60mn,0.35
fs_eldi3pagx6,0.35
fs_bgochpd2s4,0.35
fs_eezsztzubx,0.35
fs_bfxonwvl1m,0.35
fs_3lq0t7436r,0.35
fs_5xwnj0soer,0.35
fs_5gtg3we3vj,0.35
fs_7ayn9yxugm,0.35
fs_99d5nabo6d,0.35
fs_7cvf2a0tjt,0.35
fs_ehs0wvlzlp,0.35
fs_6ahq093ysx,0.35
fs_a1frppd9an,0.35
fs_2ojmigynkr,0.35
fs_1plrwaqpgh,0.35
fs_gdc3q6ceng,0.35
fs_8fe0epiomj,0.35
fs_13nwny7uzf,0.35
fs_3e4t4tifnf,0.35
fs_myl5acxsea,0.35
fs_bmehl59zn2,0.35
fs_8ot6d5znx7,0.35
fs_6qee2fv2ee,0.35
fs_kn8mbgxx0s,0.35
fs_4nrlfif5gm,0.35
fs_a5a2x0kki8,0.35
fs_9ii9ng7jou,0.35
fs_ebmo8mo0pp,0.35
fs_e34bx37ejp,0.35
fs_epoqpbqfg0,0.35
fs_3i27y2lpbs,0.35
fs_6b44idjku4,0.35
fs_awo506n4ht,0.35
fs_ciizd5qt5b,0.35
fs_cahe1sr901,0.35
fs_agkzjd85kn,0.35
fs_6rad3s4j13,0.35
fs_ada7wj0kry,0.35
fs_y8efp2ver1,0.35
fs_8ko8gc2ogj,0.35
fs_bezxmgygeo,0.35
fs_9dsn9m49rb,0.35
fs_bzsvx8lxb0,0.35
fs_7275f3c6ur,0.35
fs_btvzakp6pk,0.35
fs_9jwd85fxc7,0.35
fs_2w1t35u9tb,0.35
fs_ee0grlgi4n,0.35
fs_92ekky89xf,0.35
fs_3faojca3wa,0.35
fs_cgozv9utvc,0.35
fs_rsqq07inuu,0.35
fs_5hr0vnlp9i,0.35
fs_6mrdgjy8zd,0.35
fs_8ynhj45yyb,0.35
fs_ew0iq14nvc,0.35
fs_7m8cc3o0ck,0.35
fs_8jnxa7ssty,0.35
fs_5ax5guwwlh,0.35
fs_9u3r60hxl6,0.35
fs_93qm5jbabh,0.35
fs_dd5vvqlk1f,0.35
fs_5nrhla95uz,0.35
fs_3ll5h33mdv,0.35
fs_1ofrehynya,0.35
fs_6n817e35ey,0.35
fs_57ohwkqh90,0.35
fs_1hr07u7ncq,0.35
fs_5v6hj7ubpt,0.35
fs_ct1f2hia59,0.35
fs_54cjpng0ny,0.35
fs_6vut9nl7in,0.35
fs_3vq8j5iw88,0.35
fs_5m1wptsf3s,0.35
fs_cr844azul4,0.35
fs_e733plcssw,0.35
fs_esoz23gjv4,0.35
fs_difkv0rcdn,0.35
fs_jxbwkgi3cy,0.35
fs_6x2ahrxwj4,0.35
fs_caiis2kgdl,0.35
fs_95q9wvv4nb,0.35
fs_oabrgf8vbz,0.35
fs_8mpbz5zgu4,0.35
fs_avrih4rxm6,0.35
fs_9isalmz8yt,0.35
fs_akkyeaku41,0.35
fs_9sgdm3m8gv,0.35
fs_e50fq9nik6,0.35
fs_8eii93yub2,0.35
fs_6go38p3jx3,0.35
fs_calv2z8cqi,0.35
fs_bwjwzypgy4,0.35
fs_333fiop2jg,0.35
fs_7r8j3fxk2k,0.35
fs_14j1qhyulg,0.35
fs_ac7qq51fkb,0.35
fs_6vgxz63lv4,0.35
fs_981neeww43,0.35
fs_bube0lyul7,0.35
fs_2jgf9t24zu,0.35
fs_dvn81e59c8,0.35
fs_afww71joql,0.35
fs_6ynpo3b2j9,0.35
fs_97j4x5r44p,0.35
fs_9k25nxkd1f,0.35
fs_bi9ozixynm,0.35
fs_cc0i4vraoa,0.35
fs_a73am5ex8q,0.35
fs_d9uep3f7bn,0.35
fs_67yz0p51jv,0.35
fs_e4u84wmb43,0.35
fs_7bnq5k8pys,0.35
fs_2qfcgly567,0.35
fs_detbn7nqo5,0.35
fs_czt774ltr3,0.35
fs_bha59atlni,0.35
fs_6o4puusrb8,0.35
fs_ajezuqweaz,0.35
fs_d93v1w3tg2,0.35
fs_1yp08whekn,0.35
fs_aqbpxg6vd3,0.35
fs_cs7ss90v97,0.35
fs_81cmls2pjc,0.35
fs_4jja83jid5,0.35
fs_elu1zvocrk,0.35
fs_8t5td2zkad,0.35
fs_am1yevrdct,0.35
fs_31tmyu8au4,0.35
fs_ukoru1jtzm,0.35
fs_d44sbn0yt8,0.35
fs_1zxbty4srm,0.35
fs_7ojtrqe6wb,0.35
fs_vsw52gptu6,0.35
fs_ef8hii50od,0.35
fs_1qt2m6nub4,0.35
fs_2wfh18rce7,0.35
fs_d9mpwtce7c,0.35
fs_dl7946lfjg,0.35
fs_ci2sm095tc,0.35
fs_5byyczvp0g,0.35
fs_407xxmbgae,0.35
fs_otqk3m7rhm,0.35
fs_bz05qz40vw,0.35
fs_7qvhmhy7c4,0.35
fs_9atluqx3gt,0.35
fs_by9xvbdo2g,0.35
fs_9yzqmofe79,0.35
fs_e5nmrbsx2c,0.35
fs_596f59gavk,0.35
fs_ekk0i4gnyq,0.35
fs_cc4yi52yte,0.35
fs_2ezm5kii3s,0.35
fs_ue6doe687w,0.35
fs_awbgp4hp3l,0.35
fs_4h9n692uhc,0.35
fs_894x95mmjh,0.35
fs_8oqs7re0xn,0.35
fs_7bok9wkoot,0.35
fs_1tsfqaq7uh,0.35
fs_emz4pp15aa,0.35
fs_8skm5kxkc6,0.35
fs_9ff9nb60za,0.35
fs_epzyvxmi2y,0.35
fs_2coog5q4be,0.35
fs_2au8f7878f,0.35
fs_3tu9u0jl8f,0.35
fs_3w5fnqpmjw,0.35
fs_9cwxlm1zj9,0.35
fs_5o1xdaxm1q,0.35
fs_603maaefzl,0.35
fs_a4y31yjdyo,0.35
fs_3w5b4zgzoo,0.35
fs_7qw86450hi,0.35
fs_btg77ssi1i,0.35
fs_bzp18tvqlx,0.35
fs_c6dpxmz2n5,0.35
fs_82zmlcap33,0.35
fs_92lop7umoz,0.35
fs_4gata1tr63,0.35
fs_8r7k8xn4rc,0.35
fs_8hipse6xnk,0.35
fs_dld69mwlkf,0.35
fs_ervj7qw78y,0.35
fs_2usu44zvj4,0.35
fs_65i3po7ffq,0.35
fs_4c0nem988t,0.35
fs_7vv3rgqji8,0.35
fs_10szaour8n,0.35
fs_24skqxuy85,0.35
fs_zl0pgnwvxo,0.35
fs_2mmbpxsxjk,0.35
fs_7xlrmrgwsi,0.35
fs_arsvp7sld0,0.35
fs_6psrnvqz2g,0.35
fs_43p0jfll39,0.35
fs_5125pjhhx0,0.35
fs_xl8h99vi57,0.35
fs_6o0zj3fdgu,0.35
fs_7v8a18iyh3,0.35
fs_5j15votf8v,0.35
fs_cyb9y9x4b8,0.35
fs_b7c0nvmhh7,0.35
fs_4bn4uw9nuk,0.35
fs_xhum4335zm,0.35
fs_26kzvj4mwj,0.35
fs_cei6foe5d1,0.35
fs_5e74jusuc5,0.35
fs_acy9ja10j7,0.35
fs_3c6vlt8voy,0.35
fs_9sp7yykmsd,0.35
fs_ewhmux5a3y,0.35
fs_dfweocpdqo,0.35
fs_axhc0a2iqa,0.35
fs_13vye0q38a,0.35
fs_4ahudebccx,0.35
fs_a74hg54kf7,0.35
fs_5v5vihsjvc,0.35
fs_imq4gspc5l,0.35
fs_62vagaifif,0.35
fs_9xem9ylcxb,0.35
fs_607zs16z0k,0.35
fs_9ava46arzz,0.35
fs_4ieqawxcyp,0.35
fs_aig4vqrf7w,0.35
fs_9s12m0amvv,0.35
fs_c9oencayp6,0.35
fs_x9gee4gh1b,0.35
fs_6xbtef923w,0.35
fs_18fgae6m0v,0.35
fs_d9zb3u25sv,0.35
fs_5zypd6knqz,0.35
fs_3kdl91plam,0.35
fs_5gd6lqtq3b,0.35
fs_enj74vw1hb,0.35
fs_akbf5cu4ul,0.35
fs_f3wyoh8dce,0.35
fs_2o0ffzqlkn,0.35
fs_5m9tifxe31,0.35
fs_1s19znmzm4,0.35
fs_6a2ah7ohaj,0.35
fs_ak5x3ew1yy,0.35
fs_5wt4kj0f6l,0.35
fs_3aodm1z8wo,0.35
fs_3ce5r5pgu8,0.35
fs_4pnqircup8,0.35
fs_7toe1vs9jw,0.35
fs_9zk1te1j5s,0.35
fs_3yy9bh3g8f,0.35
fs_1jrucu34cu,0.35
fs_36t8l76kxv,0.35
fs_6hese7mhdu,0.35
fs_4lk26pbkzd,0.35
fs_1sm6hxi6eb,0.35
fs_752joghedr,0.35
fs_4h6v9vqjyc,0.35
fs_alqieoaom3,0.35
fs_b8dp52knjc,0.35
fs_cffiv3iwct,0.35
fs_co9mvlfpd4,0.35
fs_9zefyi6lyv,0.35
fs_4vhu7lqftu,0.35
fs_1vl4rntpvt,0.35
fs_50eu82fl8t,0.35
fs_cp6jf5j1rl,0.35
fs_cg88n4wcsf,0.35
fs_6nyvqnf463,0.35
fs_6zfgq9z1bm,0.35
fs_abye686qdd,0.35
fs_c08ff7ztij,0.35
fs_40t1f165gu,0.35
fs_98nzfgg6e7,0.35
fs_bic9w4nfmk,0.35
fs_dyqes42kan,0.35
fs_9qxpk8yk5l,0.35
fs_1grcykdigm,0.35
fs_3beysyhv08,0.35
fs_poqv4hw6i6,0.35
fs_843qzokt5r,0.35
fs_9vc322ox5g,0.35
fs_53z7r9yc1e,0.35
fs_b1mzji6fpl,0.35
fs_13nx2ipyr4,0.35
fs_992gs8w5zr,0.35
fs_2dirwoihkq,0.35
fs_crufcxduyq,0.35
fs_a37aw020bf,0.35
fs_7bztwqfvd5,0.35
fs_9zy3zy1mz0,0.35
fs_5g70km3u6r,0.35
fs_9lxq0m55f0,0.35
fs_3ulvj59rlp,0.35
fs_559pqgua8j,0.35
fs_64s9xubtx6,0.35
fs_b7ci8j4003,0.35
fs_4kf3r9thk4,0.35
fs_aoh0n1j8og,0.35
fs_38pghlkwz0,0.35
fs_9qtxfoqvrv,0.35
fs_2u4ldp34is,0.35
fs_19d4ommonw,0.35
fs_k71zzoz5ls,0.35
fs_tbylijtpma,0.35
fs_sa7x3nbe0v,0.35
fs_dqyo69t0dx,0.35
fs_5z25qpln6l,0.35
fs_7elbn33r8k,0.35
fs_8311lf3nko,0.35
fs_3x0rmkpfel,0.35
fs_emcgzk0jiw,0.35
fs_48zo6zbj6v,0.35
fs_4wo7f99z04,0.35
fs_29318s9w86,0.35
fs_cm2kdb7udx,0.35
fs_5igv1wt88j,0.35
fs_92w23im5kf,0.35
fs_8dx7hj1i61,0.35
fs_4idb7xaxhk,0.35
fs_7ox5u88bd5,0.35
fs_471ep8kzzn,0.35
fs_e7azqkvgun,0.35
fs_399w4qfcsm,0.35
fs_5stotbr9az,0.35
fs_809ixrtqb6,0.35
fs_1dsyquytbp,0.35
fs_5ultke69ai,0.35
fs_14sxutdemt,0.35
fs_cxf0q5lavz,0.35
fs_4so7lgh0fp,0.35
fs_2k38fmsuc9,0.35
fs_6zdnrwkk82,0.35
fs_6otc9m7cqd,0.35
fs_eo733ibwtv,0.35
fs_z0ytrqyszd,0.35
fs_707nw2pvek,0.35
fs_9howgroj8x,0.35
fs_ckvwrpy6aa,0.35
fs_iby3yg0oao,0.35
fs_czwin9sdbh,0.35
fs_1g3atdas4r,0.35
fs_2i9eywe9pu,0.35
fs_a3ug69nk9q,0.35
fs_5t90j2tvkw,0.35
fs_a9xmarc82m,0.35
fs_eby520oose,0.35
fs_c8m5b73l1i,0.35
fs_4z2n1kpgi3,0.35
fs_3a0dd20rbr,0.35
fs_ekz1fsa7kp,0.35
fs_cuksr0n20z,0.35
fs_4t8v33u96s,0.35
fs_2ul7e36hdu,0.35
fs_44uk3d0smr,0.35
fs_cpje1k52b6,0.35
fs_dpodgtcn12,0.35
fs_epnoflrrjs,0.35
fs_6hwls79bd3,0.35
fs_9087a99039,0.35
fs_45na1prqzj,0.35
fs_bf3hooxs2z,0.35
fs_5gjx22yi1f,0.35
fs_dmoyawc9fa,0.35
fs_6rqdogw3dg,0.35
fs_6ejfu3ra2n,0.35
fs_dpzlyhq4qn,0.35
fs_9459q08gth,0.35
fs_9a37tou5uu,0.35
fs_ermxv5ekcd,0.35
fs_4m07kzf122,0.35
fs_8csr2shtgd,0.35
fs_1sbf2w7a3c,0.35
fs_3ruffbl3sc,0.35
fs_3cvsoc5w3z,0.35
fs_3cjsgtw8at,0.35
fs_e7wxviiaju,0.35
fs_6qtv85r6ir,0.35
fs_tr8k8n5lrg,0.35
fs_7dqco2wact,0.35
fs_8lpv0cth69,0.35
fs_5muf1b2maz,0.35
fs_184yakmnqp,0.35
fs_aqglvrafb5,0.35
fs_3e5652k9vt,0.35
fs_9573hjhz7e,0.35
fs_103oyp6cuq,0.35
fs_olmrmemedg,0.35
fs_3cq33yp9sw,0.35
fs_17mv7073o0,0.35
fs_9zmrnyham6,0.35
fs_f39r4ns6y3,0.35
fs_dtmg0zyk8g,0.35
fs_3xyertg42r,0.35
fs_bjequjsjqu,0.35
fs_dgejkgugi4,0.35
fs_7qn4wvu090,0.35
fs_4qef9j5ny5,0.35
fs_1chync3opq,0.35
fs_crf2uyz2zg,0.35
fs_6ja374qc0g,0.35
fs_eh2thmhew8,0.35
fs_1fs4zgben9,0.35
fs_a66pc7dgwq,0.35
fs_cw23iq81v5,0.35
fs_1o3qvmu5bq,0.35
fs_672d7qbn8u,0.35
fs_ak5e9p3low,0.35
fs_ad0lyh4ylh,0.35
fs_av1xm2lp5f,0.35
fs_8urw3ya951,0.35
fs_6kr31y48c4,0.35
fs_7c6xxk6zkd,0.35
fs_94zryhtp2l,0.35
fs_4f02w4485o,0.35
fs_6jhxehklr7,0.35
fs_8e1qhu01oz,0.35
fs_bz61kqp8f9,0.35
fs_cmvkzmodk2,0.35
fs_dki1ty52yy,0.35
fs_3a9x563if2,0.35
fs_biwv4jqmpw,0.35
fs_37aqok5wic,0.35
fs_f45yn23k5u,0.35
fs_5u39ooq44k,0.35
fs_a7oja6w6au,0.35
fs_7krrqfp7ze,0.35
fs_2zs6jw4h6m,0.35
fs_2444x3th9h,0.35
fs_74cft4nzlg,0.35
fs_1wgh5qbpwe,0.35
fs_cart5m0g92,0.35
fs_cu7goj97qm,0.35
fs_btyxzfjjdu,0.35
fs_2zmdhf5w37,0.35
fs_4xllq6vw01,0.35
fs_1wk14z95ag,0.35
fs_cwznpqnxdy,0.35
fs_1g3msnmrl4,0.35
fs_65zhe0gllz,0.35
fs_l43okqk7md,0.35
fs_46d1v0i5z9,0.35
fs_3t4dhchyjx,0.35
fs_1ixwiee4cp,0.35
fs_arf18cuuhw,0.35
fs_5izs434yg4,0.35
fs_9l5vb9h31z,0.35
fs_6iu9wvnm6q,0.35
fs_8ychee8uz2,0.35
fs_7mvicg7q3x,0.35
fs_ai2c23rmtk,0.35
fs_60s0l2jb1m,0.35
fs_bhioky3bv2,0.35
fs_4pbnuakitc,0.35
fs_cfs7mzc7fd,0.35
fs_41yc435fh9,0.35
fs_2lw50u9fq1,0.35
fs_72du7r3m1f,0.35
fs_60s7s4lnpl,0.35
fs_665j1wxv1f,0.35
fs_cj146iugmb,0.35
fs_9lcl9qwyf5,0.35
fs_4n4qbgn2mw,0.35
fs_b6t5v2w8vr,0.35
fs_43rwv859ul,0.35
fs_2kfpgz4qjz,0.35
fs_chyvz7vswi,0.35
fs_cvm0uo6wb2,0.35
fs_3dhagdbdak,0.35
fs_34714pyuwb,0.35
fs_9h09qkufjg,0.35
fs_elbp4bmm90,0.35
fs_6w7c2c4yjm,0.35
fs_63ww8xbzys,0.35
fs_a0xuzwkhfr,0.35
fs_cwbp0d9j3g,0.35
fs_7f1wszkqz1,0.35
fs_9n15hrpcwk,0.35
fs_1aico8h83e,0.35
fs_8regcpf8eg,0.35
fs_apad2nuado,0.35
fs_96t9m7kmc7,0.35
fs_cai371sl55,0.35
fs_e3u6s6ftp2,0.35
fs_4ohoa2nowq,0.35
fs_ds783rbmdy,0.35
fs_t1nmjo35ck,0.35
fs_1x27bhepjr,0.35
fs_bvroc5x2su,0.35
fs_tfaml2y0ei,0.35
fs_1zq1itpxe7,0.35
fs_67hthz2mvc,0.35
fs_9cyycsidi5,0.35
fs_d7skdga3b6,0.35
fs_883obalpcf,0.35
fs_cbxh60ghz2,0.35
fs_bgdmnyalmt,0.35
fs_c12rqjcca6,0.35
fs_4ixf0tk645,0.35
fs_3s13oyxxme,0.35
fs_eehr55h4c0,0.35
fs_kka8clk1qv,0.35
fs_adwb5rok3k,0.35
fs_c7fhnxb784,0.35
fs_7u3kfvfj1i,0.35
fs_b87jt7s52q,0.35
fs_eb2m50wb3j,0.35
fs_21y7d0utzz,0.35
fs_em16hpmfeb,0.35
fs_37969krimk,0.35
fs_adasf7hqzo,0.35
fs_cn45hvqadm,0.35
fs_ddhue1b6rs,0.35
fs_70udxaqiym,0.35
fs_7c8b8qg294,0.35
fs_9lnx0cpk79,0.35
fs_dvkl25chip,0.35
fs_9z56pzv8qx,0.35
fs_a90yzxau9i,0.35
fs_c5p4f95rft,0.35
fs_efy7uykw8e,0.35
fs_enke4sg9yv,0.35
fs_865x1vanw8,0.35
fs_5vtchgtffm,0.35
fs_54zybxorpn,0.35
fs_2kq837z9nh,0.35
fs_5nk86siura,0.35
fs_awz77ybe3m,0.35
fs_x2gv2fbntc,0.35
fs_6d6by3w971,0.35
fs_b8aolomkbl,0.35
fs_7ocvwyw36s,0.35
fs_axc7c67kzd,0.35
fs_cqu3w3puju,0.35
fs_d7v4vblcun,0.35
fs_2z4w4r7v8t,0.35
fs_97ugq04svs,0.35
fs_407ylu3e7g,0.35
fs_axh87xfi81,0.35
fs_e90wapcup7,0.35
fs_d0poairb56,0.35
fs_besjhywjby,0.35
fs_cuchjbqwbo,0.35
fs_516eo1odo5,0.35
fs_a8pekeyyrv,0.35
fs_5fcsjdhj25,0.35
fs_4861fm3d33,0.35
fs_8xep96h7gl,0.35
fs_9ououtdsn7,0.35
fs_7czcf45pr6,0.35
fs_2w2jo48d18,0.35
fs_bdx92tfebn,0.35
fs_ayqmcrunk8,0.35
fs_ar890f7lgx,0.35
fs_3ljxynxy4p,0.35
fs_6j7hf1sy3g,0.35
fs_4zp7dg6ah5,0.35
fs_ae5p26z411,0.35
fs_ee7bnp2k6o,0.35
fs_28dfbcfmbn,0.35
fs_d257r3rlul,0.35
fs_bhb51nx2wp,0.35
fs_dixvtf5mov,0.35
fs_acaof3j9he,0.35
fs_etm2u5yppx,0.35
fs_e7rkmy0ge1,0.35
fs_2gw9pyqm6s,0.35
fs_auv86x7yjx,0.35
fs_6qxruatcea,0.35
fs_1hyd9tk6zh,0.35
fs_dlc5adr77l,0.35
fs_di6xtcx9zi,0.35
fs_15vh3z796v,0.35
fs_7hd2tqnwd0,0.35
fs_6i9v72qfgc,0.35
fs_78p02yxx8q,0.35
fs_57xk1xte4i,0.35
fs_errjzb48ee,0.35
fs_1ekb4s3jj0,0.35
fs_bna5th954x,0.35
fs_6b2exlm97q,0.35
fs_85v5j0c4gg,0.35
fs_4gtehf4yrf,0.35
fs_9nil7675x9,0.35
fs_dl72y89lud,0.35
fs_9guhemyodm,0.35
fs_2ccdaseb1o,0.35
fs_sualxbu7qc,0.35
fs_3vgr42mscb,0.35
fs_dsf7c2f2l6,0.35
fs_55pfuhc5ao,0.35
fs_5nufden6j5,0.35
fs_8yemw3by1a,0.35
fs_bonidtbllr,0.35
fs_3rd60vvdy5,0.35
fs_34ompjor6c,0.35
fs_4zi3cagaed,0.35
fs_9fiw40s3ig,0.35
fs_64lkyl9zqn,0.35
fs_iwadvwwvrk,0.35
fs_c6oqlwlmeq,0.35
fs_bypuwtaupx,0.35
fs_5fmvkmugju,0.35
fs_6opfzanb3r,0.35
fs_55yh61ullm,0.35
fs_3btxpto5bo,0.35
fs_9slajakwkr,0.35
fs_83wih18430,0.35
fs_8rxyzedg7b,0.35
fs_d3l6b38w1e,0.35
fs_c6ssmovlt5,0.35
fs_3tdh73w27n,0.35
fs_4wthkew6jc,0.35
fs_4z99w5ybid,0.35
fs_4foki0ecx3,0.35
fs_320bjk83hp,0.35
fs_2qrt1l767d,0.35
fs_bq9kyqm8dt,0.35
fs_1pa5c6blgj,0.35
fs_7a7i8czlt1,0.35
fs_21zivx28fa,0.35
fs_a1jvlw4ilr,0.35
fs_dnyx5kinn9,0.35
fs_d4mo7vja0b,0.35
fs_7aaolpqmr6,0.35
fs_dqebrvzeiu,0.35
fs_rox8uf4wv5,0.35
fs_oh67p9rv5l,0.35
fs_4cxv24or5l,0.35
fs_4qum654mso,0.35
fs_mojoetvcbx,0.35
fs_7qjti1yh07,0.35
fs_7u9otxvugz,0.35
fs_6c7p6rptzg,0.35
fs_6fqgpvpo00,0.35
fs_68ihlq6nt6,0.35
fs_9ah6qnh1ve,0.35
fs_evbq3qvi3p,0.35
fs_b9uycri9eq,0.35
fs_1a6fbm5n6x,0.35
fs_58xa2qbsed,0.35
fs_7o6yrv3xwj,0.35
fs_1u0b7milwe,0.35
fs_eqvdw4lvtp,0.35
fs_f4os0cy3oc,0.35
fs_6yufgoeu1f,0.35
fs_bvko6y6bvv,0.35
fs_5m4u95livh,0.35
fs_f7g2ebxx58,0.35
fs_1p7mw75pxx,0.35
fs_daj8nur1rl,0.35
fs_9q1i25ffsy,0.35
fs_c065jj0dmy,0.35
fs_8cfd4dy21m,0.35
fs_4i7oii13uh,0.35
fs_3pboo7isjo,0.35
fs_3m34zc1mgt,0.35
fs_75yi1ua664,0.35
fs_gpo870hfau,0.35
fs_ariundfjqh,0.35
fs_1mufzj3zvy,0.35
fs_2tkmiyghu8,0.35
fs_4zpawx7r24,0.35
fs_7u7q72i1nx,0.35
fs_2z2mwdiisj,0.35
fs_9lrplpn4p8,0.35
fs_67vc61bzl9,0.35
fs_9w27ncdymw,0.35
fs_1mziktp10g,0.35
fs_el1iqa2td9,0.35
fs_4dfvuw082c,0.35
fs_8sn9a124p5,0.35
fs_dxyj6vz7xr,0.35
fs_4a98f4qokr,0.35
fs_8yb9log0nn,0.35
fs_7y0wlnhaxm,0.35
fs_49dpk7s39c,0.35
fs_d1ktk54e2g,0.35
fs_d4shpjvagx,0.35
fs_c2a12s0ngi,0.35
fs_24c9scnm0g,0.35
fs_52912uzuln,0.35
fs_6rvbwgd6jk,0.35
fs_ef8rau9nm4,0.35
fs_8y1otru7f5,0.35
fs_82o0thxyca,0.35
fs_71pu4s1yy9,0.35
fs_cvtfnjbi79,0.35
fs_y339ptq2yf,0.35
fs_6wxq1jz0si,0.35
fs_172agbv41a,0.35
fs_53dqhudkgj,0.35
fs_6ok8xal0p5,0.35
fs_7exvctpmke,0.35
fs_5ielfh347e,0.35
fs_18zese4w0f,0.35
fs_9s717gyhk4,0.35
fs_7co6v6ywzn,0.35
fs_6tk7e0azo0,0.35
fs_6hko7os49w,0.35
fs_9q308u25kr,0.35
fs_euuohhol9u,0.35
fs_4t3xnrj4y9,0.35
fs_4koj1i8lmb,0.35
fs_21ckmkpxag,0.35
fs_5spbr5xlyh,0.35
fs_acbvvr76qw,0.35
fs_9wa3ess1sw,0.35
fs_2arl72lp8g,0.35
fs_9urm5e0ijf,0.35
fs_58ifcr5wyx,0.35
fs_7vh6hlcaya,0.35
fs_6veima2ucq,0.35
fs_9nins3yoh4,0.35
fs_6as3o19zfs,0.35
fs_91lk189abe,0.35
fs_48e04g8zk4,0.35
fs_63owxerevk,0.35
fs_98wqt8x7hf,0.35
fs_dx1ffb49rc,0.35
fs_3abnzi1k7j,0.35
fs_bubjd7bib1,0.35
fs_bykyshhlgz,0.35
fs_ew3vmdt5a4,0.35
fs_br4sjej5qq,0.35
fs_1wfqn96pty,0.35
fs_dvsido1dk4,0.35
fs_ailhe0levh,0.35
fs_1kg3y8rb3r,0.35
fs_8o2uwe74jg,0.35
fs_3xrnnzfgfh,0.35
fs_1eh8rftglm,0.35
fs_b9wczm8n2n,0.35
fs_am9j5h8quq,0.35
fs_9gnkq6le0t,0.35
fs_76abznsj13,0.35
fs_e7x5diqyv3,0.35
fs_agzwz1ri8l,0.35
fs_1pq9g55yta,0.35
fs_3e40ju5t13,0.35
fs_1huuj10lqg,0.35
fs_7z53kktzn9,0.35
fs_d7azg5k3hi,0.35
fs_14dfbelsp6,0.35
fs_11odt57upy,0.35
fs_5kbmwx7oz9,0.35
fs_bnxmj0eltv,0.35
fs_7xl3vj3t38,0.35
fs_451n0bxfz1,0.35
fs_c714p1s7hh,0.35
fs_11cjrq3oya,0.35
fs_f4bwa2vys4,0.35
fs_e0gec7s7nx,0.35
fs_8unkiyv7gw,0.35
fs_6489ti6poj,0.35
fs_b7gqeib2q4,0.35
fs_4ivxs0l6lu,0.35
fs_7zald6rmvp,0.35
fs_bvdy4zoy1v,0.35
fs_dw3kkx17sm,0.35
fs_euqvwy78dr,0.35
fs_7x8whrb4oq,0.35
fs_48lauart8r,0.35
fs_aji2nee2iw,0.35
fs_d8gde11aws,0.35
fs_ejagi9md11,0.35
fs_e4gmkknb60,0.35
fs_d68q4zobts,0.35
fs_6w9uvf41t9,0.35
fs_2caxh0dth4,0.35
fs_5h41gk8mqz,0.35
fs_b1u37f63xw,0.35
fs_3jr64qcx80,0.35
fs_44q5pwd95r,0.35
fs_iqotbg8wa1,0.35
fs_43xh454o4i,0.35
fs_9geqms8a5w,0.35
fs_6vv4cytit6,0.35
fs_88ga9cuyvt,0.35
fs_4nh4su74m2,0.35
fs_fe2y79dmqb,0.35
fs_1rq5r6fhe1,0.35
fs_35gs83rqz4,0.35
fs_edpc42wrga,0.35
fs_2ovigpy6uh,0.35
fs_897ogig1f8,0.35
fs_e5fj1t69eu,0.35
fs_bc10ljqxls,0.35
fs_7rnquvjxbv,0.35
fs_af20ty1fb1,0.35
fs_dcxqu3kvet,0.35
fs_3b1znawrn6,0.35
fs_b5lc53h47p,0.35
fs_beprjstj30,0.35
fs_aaie2dp9bf,0.35
fs_7nzey1z1gd,0.35
fs_5nw0mbx94j,0.35
fs_bygrtwp7pr,0.35
fs_1rxewc5e7t,0.35
fs_d0vkki0ioi,0.35
fs_6285gj9pqf,0.35
fs_9cdcf8s7y3,0.35
fs_91rmldumx3,0.35
fs_3cx11gk5c1,0.35
fs_exevrpfztd,0.35
fs_1ffy8mel3z,0.35
fs_3znqjlivef,0.35
fs_dmijuabx1m,0.35
fs_bfllll6ays,0.35
fs_bbkpqz1vti,0.35
fs_cjj66j954v,0.35
fs_ghc6q4nf9r,0.35
fs_5fxnv0wpgo,0.35
fs_7dcuhksjnq,0.35
fs_6x7x1lxo7r,0.35
fs_6vmei643k0,0.35
fs_1ihlhqtbts,0.35
fs_3hs9qeqtfj,0.35
fs_49xejutpn9,0.35
fs_1ogdqgnqxo,0.35
fs_5nqtsdp33k,0.35
fs_a846ngqff4,0.35
fs_6zhyv0qvgp,0.35
fs_5br18fnq5p,0.35
fs_cm4w72vd5a,0.35
fs_7e69eakq88,0.35
fs_4jdm3ebo4d,0.35
fs_d6o4l3s3w2,0.35
fs_anr5it8lul,0.35
fs_1eein903xg,0.35
fs_4mybf8f2sy,0.35
fs_14me1wrghg,0.35
fs_60z7xejzlo,0.35
fs_5hb8yvph03,0.35
fs_8r1zuzbzoj,0.35
fs_evgbperkys,0.35
fs_15978y4ttr,0.35
fs_6tqcww0rka,0.35
fs_2sehu8odse,0.35
fs_8m8k6axn5q,0.35
fs_5jh8gznqpk,0.35
fs_bs4nnhfi21,0.35
fs_bbglvsfqy5,0.35
fs_cfcto4m5cs,0.35
fs_c1twaz6vk6,0.35
fs_5r3settkow,0.35
fs_1dhkbu01as,0.35
fs_1zlhgqzmeb,0.35
flash_sale_id,model_discount_percentage
